关系ID,关系类型,起始节点ID,结束节点ID,关系属性
1,ADJACENT_TO,2,3,"{""confidence"": 0.7023947982125268}"
2,ADJACENT_TO,4,2,"{""confidence"": 0.646}"
3,ADJACENT_TO,5,2,"{""confidence"": 0.6080000000000001}"
4,ADJACENT_TO,4,3,"{""confidence"": 0.646}"
5,ADJACENT_TO,5,3,"{""confidence"": 0.6080000000000001}"
6,CONTAINS,4,5,"{""confidence"": 0.6119999999999846}"
7,ADJACENT_TO,10,8,"{""confidence"": 0.646}"
8,ADJACENT_TO,11,8,"{""confidence"": 0.6080000000000001}"
9,ADJACENT_TO,10,9,"{""confidence"": 0.646}"
10,ADJACENT_TO,11,9,"{""confidence"": 0.6080000000000001}"
11,CONTAINS,10,11,"{""confidence"": 0.611999999999979}"
12,ADJACENT_TO,12,13,"{""confidence"": 0.4481060731952403}"
13,ADJACENT_TO,15,12,"{""confidence"": 0.646}"
14,ADJACENT_TO,16,12,"{""confidence"": 0.6080000000000001}"
15,ADJACENT_TO,13,14,"{""confidence"": 0.4568888688019121}"
16,ADJACENT_TO,15,13,"{""confidence"": 0.646}"
17,ADJACENT_TO,16,13,"{""confidence"": 0.6080000000000001}"
18,ADJACENT_TO,15,14,"{""confidence"": 0.646}"
19,ADJACENT_TO,16,14,"{""confidence"": 0.6080000000000001}"
20,CONTAINS,15,16,"{""confidence"": 0.6119999999999775}"
21,ADJACENT_TO,21,19,"{""confidence"": 0.646}"
22,ADJACENT_TO,22,19,"{""confidence"": 0.6080000000000001}"
23,ADJACENT_TO,21,20,"{""confidence"": 0.646}"
24,ADJACENT_TO,22,20,"{""confidence"": 0.6080000000000001}"
25,CONTAINS,21,22,"{""confidence"": 0.6119999999999954}"
26,ADJACENT_TO,24,25,"{""confidence"": 0.3860694444444445}"
27,ADJACENT_TO,29,24,"{""confidence"": 0.646}"
28,ADJACENT_TO,30,24,"{""confidence"": 0.6080000000000001}"
29,ADJACENT_TO,25,26,"{""confidence"": 0.709465277777778}"
30,ADJACENT_TO,29,25,"{""confidence"": 0.646}"
31,ADJACENT_TO,30,25,"{""confidence"": 0.6080000000000001}"
32,ADJACENT_TO,29,26,"{""confidence"": 0.646}"
33,ADJACENT_TO,30,26,"{""confidence"": 0.6080000000000001}"
34,ADJACENT_TO,27,28,"{""confidence"": 0.5835129310344829}"
35,ADJACENT_TO,29,27,"{""confidence"": 0.646}"
36,ADJACENT_TO,30,27,"{""confidence"": 0.6080000000000001}"
37,ADJACENT_TO,29,28,"{""confidence"": 0.646}"
38,ADJACENT_TO,30,28,"{""confidence"": 0.6080000000000001}"
39,CONTAINS,29,30,"{""confidence"": 0.6119999999999962}"
40,ADJACENT_TO,33,31,"{""confidence"": 0.646}"
41,ADJACENT_TO,34,31,"{""confidence"": 0.6080000000000001}"
42,ADJACENT_TO,33,32,"{""confidence"": 0.646}"
43,ADJACENT_TO,34,32,"{""confidence"": 0.6080000000000001}"
44,CONTAINS,33,34,"{""confidence"": 0.6119999999999775}"
45,ADJACENT_TO,35,36,"{""confidence"": 0.5055679512698146}"
46,ADJACENT_TO,39,35,"{""confidence"": 0.646}"
47,ADJACENT_TO,40,35,"{""confidence"": 0.6080000000000001}"
48,ADJACENT_TO,36,37,"{""confidence"": 0.6781956332142663}"
49,ADJACENT_TO,39,36,"{""confidence"": 0.646}"
50,ADJACENT_TO,40,36,"{""confidence"": 0.6080000000000001}"
51,ADJACENT_TO,37,38,"{""confidence"": 0.4609496519931297}"
52,ADJACENT_TO,39,37,"{""confidence"": 0.646}"
53,ADJACENT_TO,40,37,"{""confidence"": 0.6080000000000001}"
54,ADJACENT_TO,39,38,"{""confidence"": 0.646}"
55,ADJACENT_TO,40,38,"{""confidence"": 0.6080000000000001}"
56,CONTAINS,39,40,"{""confidence"": 0.6119999999999775}"
57,ADJACENT_TO,42,44,"{""confidence"": 0.5538606468571835}"
58,ADJACENT_TO,45,42,"{""confidence"": 0.646}"
59,ADJACENT_TO,46,42,"{""confidence"": 0.6080000000000001}"
60,ADJACENT_TO,43,44,"{""confidence"": 0.3287616039566386}"
61,ADJACENT_TO,45,43,"{""confidence"": 0.646}"
62,ADJACENT_TO,46,43,"{""confidence"": 0.6080000000000001}"
63,ADJACENT_TO,45,44,"{""confidence"": 0.646}"
64,ADJACENT_TO,46,44,"{""confidence"": 0.6080000000000001}"
65,CONTAINS,45,46,"{""confidence"": 0.6119999999999776}"
66,ADJACENT_TO,48,49,"{""confidence"": 0.6352546438219508}"
67,ADJACENT_TO,49,50,"{""confidence"": 0.5826817006837397}"
68,ADJACENT_TO,51,50,"{""confidence"": 0.646}"
69,ADJACENT_TO,52,50,"{""confidence"": 0.6080000000000001}"
70,CONTAINS,51,52,"{""confidence"": 0.6119999999999776}"
71,ADJACENT_TO,53,54,"{""confidence"": 0.6397904190629674}"
72,ADJACENT_TO,55,53,"{""confidence"": 0.646}"
73,ADJACENT_TO,56,53,"{""confidence"": 0.6080000000000001}"
74,ADJACENT_TO,55,54,"{""confidence"": 0.646}"
75,ADJACENT_TO,56,54,"{""confidence"": 0.6080000000000001}"
76,CONTAINS,55,56,"{""confidence"": 0.6119999999999776}"
77,ADJACENT_TO,57,58,"{""confidence"": 0.49712996489836964}"
78,ADJACENT_TO,57,63,"{""confidence"": 0.441031827348165}"
79,ADJACENT_TO,66,57,"{""confidence"": 0.646}"
80,ADJACENT_TO,67,57,"{""confidence"": 0.5186299781608493}"
81,ADJACENT_TO,58,65,"{""confidence"": 0.7096081374075648}"
82,ADJACENT_TO,66,58,"{""confidence"": 0.646}"
83,ADJACENT_TO,67,58,"{""confidence"": 0.5814916326199866}"
84,ADJACENT_TO,59,60,"{""confidence"": 0.3498944074317647}"
85,ADJACENT_TO,59,61,"{""confidence"": 0.6099233186235734}"
86,ADJACENT_TO,59,62,"{""confidence"": 0.5685425709356753}"
87,ADJACENT_TO,66,59,"{""confidence"": 0.646}"
88,ADJACENT_TO,67,59,"{""confidence"": 0.6080000000000001}"
89,ADJACENT_TO,60,62,"{""confidence"": 0.6900239676957151}"
90,ADJACENT_TO,66,60,"{""confidence"": 0.646}"
91,ADJACENT_TO,67,60,"{""confidence"": 0.6080000000000001}"
92,ADJACENT_TO,61,62,"{""confidence"": 0.5846911553992439}"
93,ADJACENT_TO,63,64,"{""confidence"": 0.3159407877058778}"
94,ADJACENT_TO,66,63,"{""confidence"": 0.646}"
95,ADJACENT_TO,67,63,"{""confidence"": 0.4954651773837075}"
96,ADJACENT_TO,64,65,"{""confidence"": 0.711232919303807}"
97,ADJACENT_TO,66,64,"{""confidence"": 0.6041144478252422}"
98,ADJACENT_TO,67,64,"{""confidence"": 0.43172484545334155}"
99,ADJACENT_TO,66,65,"{""confidence"": 0.5920777793825591}"
100,ADJACENT_TO,67,65,"{""confidence"": 0.522265385802902}"
101,CONTAINS,66,67,"{""confidence"": 0.611999999999979}"
102,ADJACENT_TO,68,69,"{""confidence"": 0.48937343074307266}"
103,ADJACENT_TO,68,71,"{""confidence"": 0.711723324249694}"
104,ADJACENT_TO,68,72,"{""confidence"": 0.6715508644984977}"
105,ADJACENT_TO,68,73,"{""confidence"": 0.6164305127468562}"
106,ADJACENT_TO,68,74,"{""confidence"": 0.5304801337442973}"
107,ADJACENT_TO,68,75,"{""confidence"": 0.5230061877440741}"
108,ADJACENT_TO,68,76,"{""confidence"": 0.46695159274240516}"
109,ADJACENT_TO,77,68,"{""confidence"": 0.5885125217062751}"
110,ADJACENT_TO,78,68,"{""confidence"": 0.37149413807649423}"
111,ADJACENT_TO,69,70,"{""confidence"": 0.6883672429989985}"
112,ADJACENT_TO,69,71,"{""confidence"": 0.47068856574251644}"
113,ADJACENT_TO,69,74,"{""confidence"": 0.6388523507475242}"
114,ADJACENT_TO,69,75,"{""confidence"": 0.6313784047473013}"
115,ADJACENT_TO,69,76,"{""confidence"": 0.5753238097456322}"
116,ADJACENT_TO,77,69,"{""confidence"": 0.646}"
117,ADJACENT_TO,78,69,"{""confidence"": 0.6080000000000001}"
118,ADJACENT_TO,70,71,"{""confidence"": 0.7089205944996104}"
119,ADJACENT_TO,70,72,"{""confidence"": 0.45106945749193206}"
120,ADJACENT_TO,70,74,"{""confidence"": 0.6790248104987208}"
121,ADJACENT_TO,70,75,"{""confidence"": 0.6715508644984977}"
122,ADJACENT_TO,70,76,"{""confidence"": 0.6154962694968286}"
123,ADJACENT_TO,77,70,"{""confidence"": 0.646}"
124,ADJACENT_TO,78,70,"{""confidence"": 0.6080000000000001}"
125,ADJACENT_TO,71,72,"{""confidence"": 0.6977096754992764}"
126,ADJACENT_TO,71,73,"{""confidence"": 0.45667491699209867}"
127,ADJACENT_TO,71,75,"{""confidence"": 0.7173287837498609}"
128,ADJACENT_TO,71,76,"{""confidence"": 0.6612741887481918}"
129,ADJACENT_TO,77,71,"{""confidence"": 0.646}"
130,ADJACENT_TO,78,71,"{""confidence"": 0.6080000000000001}"
131,ADJACENT_TO,72,73,"{""confidence"": 0.7098548377496382}"
132,ADJACENT_TO,72,74,"{""confidence"": 0.4015545652404576}"
133,ADJACENT_TO,72,76,"{""confidence"": 0.695841188999221}"
134,ADJACENT_TO,77,72,"{""confidence"": 0.646}"
135,ADJACENT_TO,78,72,"{""confidence"": 0.6080000000000001}"
136,ADJACENT_TO,73,74,"{""confidence"": 0.6612741887481913}"
137,ADJACENT_TO,73,75,"{""confidence"": 0.4678858359924327}"
138,ADJACENT_TO,77,73,"{""confidence"": 0.646}"
139,ADJACENT_TO,78,73,"{""confidence"": 0.6080000000000001}"
140,ADJACENT_TO,74,75,"{""confidence"": 0.6836960267488593}"
141,ADJACENT_TO,74,76,"{""confidence"": 0.34923694323889976}"
142,ADJACENT_TO,77,74,"{""confidence"": 0.646}"
143,ADJACENT_TO,78,74,"{""confidence"": 0.6080000000000001}"
144,ADJACENT_TO,75,76,"{""confidence"": 0.7191972702499164}"
145,ADJACENT_TO,77,75,"{""confidence"": 0.646}"
146,ADJACENT_TO,78,75,"{""confidence"": 0.6080000000000001}"
147,ADJACENT_TO,77,76,"{""confidence"": 0.646}"
148,ADJACENT_TO,78,76,"{""confidence"": 0.5241199827126181}"
149,CONTAINS,77,78,"{""confidence"": 0.6119999999999776}"
150,ADJACENT_TO,79,80,"{""confidence"": 0.6657428745999251}"
151,ADJACENT_TO,81,79,"{""confidence"": 0.646}"
152,ADJACENT_TO,82,79,"{""confidence"": 0.6080000000000001}"
153,ADJACENT_TO,81,80,"{""confidence"": 0.646}"
154,ADJACENT_TO,82,80,"{""confidence"": 0.6080000000000001}"
155,CONTAINS,81,82,"{""confidence"": 0.6119999999999776}"
156,ADJACENT_TO,85,86,"{""confidence"": 0.6784916086655217}"
157,ADJACENT_TO,85,87,"{""confidence"": 0.4808909980214329}"
158,ADJACENT_TO,88,85,"{""confidence"": 0.646}"
159,ADJACENT_TO,89,85,"{""confidence"": 0.6080000000000001}"
160,ADJACENT_TO,88,86,"{""confidence"": 0.646}"
161,ADJACENT_TO,89,86,"{""confidence"": 0.6080000000000001}"
162,ADJACENT_TO,88,87,"{""confidence"": 0.646}"
163,ADJACENT_TO,89,87,"{""confidence"": 0.6080000000000001}"
164,CONTAINS,88,89,"{""confidence"": 0.6119999999999775}"
165,ADJACENT_TO,92,93,"{""confidence"": 0.6742486772486775}"
166,ADJACENT_TO,93,94,"{""confidence"": 0.4683210978835982}"
167,ADJACENT_TO,95,93,"{""confidence"": 0.646}"
168,ADJACENT_TO,96,93,"{""confidence"": 0.6080000000000001}"
169,CONTAINS,95,96,"{""confidence"": 0.6119999999999961}"
170,ADJACENT_TO,97,99,"{""confidence"": 0.5400443548387096}"
171,ADJACENT_TO,101,97,"{""confidence"": 0.646}"
172,ADJACENT_TO,102,97,"{""confidence"": 0.6080000000000001}"
173,ADJACENT_TO,98,100,"{""confidence"": 0.5719663978494625}"
174,ADJACENT_TO,101,98,"{""confidence"": 0.646}"
175,ADJACENT_TO,102,98,"{""confidence"": 0.6080000000000001}"
176,ADJACENT_TO,99,100,"{""confidence"": 0.6645403225806448}"
177,ADJACENT_TO,101,99,"{""confidence"": 0.646}"
178,ADJACENT_TO,102,99,"{""confidence"": 0.6080000000000001}"
179,ADJACENT_TO,101,100,"{""confidence"": 0.646}"
180,ADJACENT_TO,102,100,"{""confidence"": 0.6080000000000001}"
181,CONTAINS,101,102,"{""confidence"": 0.6119999999999913}"
182,ADJACENT_TO,109,110,"{""confidence"": 0.5480732323232326}"
183,ADJACENT_TO,111,109,"{""confidence"": 0.646}"
184,ADJACENT_TO,112,109,"{""confidence"": 0.6080000000000001}"
185,ADJACENT_TO,111,110,"{""confidence"": 0.646}"
186,ADJACENT_TO,112,110,"{""confidence"": 0.6080000000000001}"
187,CONTAINS,111,112,"{""confidence"": 0.6119999999999954}"
188,ADJACENT_TO,113,114,"{""confidence"": 0.680920736872716}"
189,ADJACENT_TO,115,113,"{""confidence"": 0.646}"
190,ADJACENT_TO,116,113,"{""confidence"": 0.6080000000000001}"
191,ADJACENT_TO,115,114,"{""confidence"": 0.646}"
192,ADJACENT_TO,116,114,"{""confidence"": 0.6080000000000001}"
193,CONTAINS,115,116,"{""confidence"": 0.6119999999999823}"
194,ADJACENT_TO,122,123,"{""confidence"": 0.6865015340241037}"
195,ADJACENT_TO,124,122,"{""confidence"": 0.646}"
196,ADJACENT_TO,125,122,"{""confidence"": 0.6080000000000001}"
197,ADJACENT_TO,124,123,"{""confidence"": 0.646}"
198,ADJACENT_TO,125,123,"{""confidence"": 0.6080000000000001}"
199,CONTAINS,124,125,"{""confidence"": 0.6119999999999952}"
200,ADJACENT_TO,129,126,"{""confidence"": 0.646}"
201,ADJACENT_TO,130,126,"{""confidence"": 0.6080000000000001}"
202,ADJACENT_TO,127,128,"{""confidence"": 0.4109880952380951}"
203,ADJACENT_TO,129,127,"{""confidence"": 0.646}"
204,ADJACENT_TO,130,127,"{""confidence"": 0.6080000000000001}"
205,ADJACENT_TO,129,128,"{""confidence"": 0.646}"
206,ADJACENT_TO,130,128,"{""confidence"": 0.6080000000000001}"
207,CONTAINS,129,130,"{""confidence"": 0.6119999999999961}"
208,ADJACENT_TO,132,134,"{""confidence"": 0.6503730158730159}"
209,ADJACENT_TO,135,132,"{""confidence"": 0.646}"
210,ADJACENT_TO,136,132,"{""confidence"": 0.6080000000000001}"
211,ADJACENT_TO,133,134,"{""confidence"": 0.6999609279609278}"
212,ADJACENT_TO,135,133,"{""confidence"": 0.646}"
213,ADJACENT_TO,136,133,"{""confidence"": 0.6080000000000001}"
214,ADJACENT_TO,135,134,"{""confidence"": 0.646}"
215,ADJACENT_TO,136,134,"{""confidence"": 0.6080000000000001}"
216,CONTAINS,135,136,"{""confidence"": 0.611999999999985}"
217,ADJACENT_TO,140,137,"{""confidence"": 0.646}"
218,ADJACENT_TO,141,137,"{""confidence"": 0.6080000000000001}"
219,ADJACENT_TO,140,138,"{""confidence"": 0.646}"
220,ADJACENT_TO,141,138,"{""confidence"": 0.6080000000000001}"
221,ADJACENT_TO,140,139,"{""confidence"": 0.6115943431225607}"
222,ADJACENT_TO,141,139,"{""confidence"": 0.43876474690964096}"
223,CONTAINS,140,141,"{""confidence"": 0.611999999999979}"
224,ADJACENT_TO,142,143,"{""confidence"": 0.4906452407510694}"
225,ADJACENT_TO,145,142,"{""confidence"": 0.646}"
226,ADJACENT_TO,146,142,"{""confidence"": 0.6080000000000001}"
227,ADJACENT_TO,143,144,"{""confidence"": 0.7053895705521473}"
228,ADJACENT_TO,145,143,"{""confidence"": 0.646}"
229,ADJACENT_TO,146,143,"{""confidence"": 0.6080000000000001}"
230,ADJACENT_TO,145,144,"{""confidence"": 0.646}"
231,ADJACENT_TO,146,144,"{""confidence"": 0.6080000000000001}"
232,CONTAINS,145,146,"{""confidence"": 0.611999999999995}"
233,ADJACENT_TO,149,147,"{""confidence"": 0.646}"
234,ADJACENT_TO,150,147,"{""confidence"": 0.6080000000000001}"
235,ADJACENT_TO,149,148,"{""confidence"": 0.646}"
236,ADJACENT_TO,150,148,"{""confidence"": 0.6080000000000001}"
237,CONTAINS,149,150,"{""confidence"": 0.6119999999999775}"
238,ADJACENT_TO,151,152,"{""confidence"": 0.5332290940986953}"
239,ADJACENT_TO,153,151,"{""confidence"": 0.646}"
240,ADJACENT_TO,154,151,"{""confidence"": 0.6080000000000001}"
241,ADJACENT_TO,153,152,"{""confidence"": 0.646}"
242,ADJACENT_TO,154,152,"{""confidence"": 0.6080000000000001}"
243,CONTAINS,153,154,"{""confidence"": 0.6119999999999776}"
244,ADJACENT_TO,157,155,"{""confidence"": 0.646}"
245,ADJACENT_TO,158,155,"{""confidence"": 0.6080000000000001}"
246,ADJACENT_TO,157,156,"{""confidence"": 0.646}"
247,ADJACENT_TO,158,156,"{""confidence"": 0.5852983257057895}"
248,CONTAINS,157,158,"{""confidence"": 0.6119999999999776}"
249,ADJACENT_TO,161,159,"{""confidence"": 0.646}"
250,ADJACENT_TO,162,159,"{""confidence"": 0.5710269725054746}"
251,ADJACENT_TO,161,160,"{""confidence"": 0.646}"
252,ADJACENT_TO,162,160,"{""confidence"": 0.6080000000000001}"
253,CONTAINS,161,162,"{""confidence"": 0.6119999999999776}"
254,ADJACENT_TO,164,165,"{""confidence"": 0.38462801654537837}"
255,ADJACENT_TO,164,168,"{""confidence"": 0.588129795843715}"
256,ADJACENT_TO,169,164,"{""confidence"": 0.646}"
257,ADJACENT_TO,170,164,"{""confidence"": 0.6080000000000001}"
258,ADJACENT_TO,165,168,"{""confidence"": 0.6579997332455596}"
259,ADJACENT_TO,169,165,"{""confidence"": 0.646}"
260,ADJACENT_TO,170,165,"{""confidence"": 0.6080000000000001}"
261,ADJACENT_TO,166,167,"{""confidence"": 0.716959676837755}"
262,ADJACENT_TO,166,168,"{""confidence"": 0.5088789469858265}"
263,ADJACENT_TO,169,166,"{""confidence"": 0.4614389404708776}"
264,ADJACENT_TO,169,167,"{""confidence"": 0.646}"
265,ADJACENT_TO,170,167,"{""confidence"": 0.6080000000000001}"
266,CONTAINS,169,170,"{""confidence"": 0.611999999999979}"
267,ADJACENT_TO,171,172,"{""confidence"": 0.3550815647186395}"
268,ADJACENT_TO,171,173,"{""confidence"": 0.6342911353799419}"
269,ADJACENT_TO,171,174,"{""confidence"": 0.4813826230585334}"
270,ADJACENT_TO,175,171,"{""confidence"": 0.646}"
271,ADJACENT_TO,176,171,"{""confidence"": 0.5850797419056801}"
272,ADJACENT_TO,172,173,"{""confidence"": 0.6644804317950965}"
273,ADJACENT_TO,172,174,"{""confidence"": 0.6515165090653566}"
274,ADJACENT_TO,175,172,"{""confidence"": 0.646}"
275,ADJACENT_TO,176,172,"{""confidence"": 0.6080000000000001}"
276,ADJACENT_TO,173,174,"{""confidence"": 0.35146182690979516}"
277,ADJACENT_TO,175,173,"{""confidence"": 0.646}"
278,ADJACENT_TO,176,173,"{""confidence"": 0.6080000000000001}"
279,ADJACENT_TO,175,174,"{""confidence"": 0.646}"
280,ADJACENT_TO,176,174,"{""confidence"": 0.6080000000000001}"
281,CONTAINS,175,176,"{""confidence"": 0.6119999999999775}"
282,ADJACENT_TO,179,181,"{""confidence"": 0.5949693054235736}"
283,ADJACENT_TO,182,180,"{""confidence"": 0.646}"
284,ADJACENT_TO,183,180,"{""confidence"": 0.6080000000000001}"
285,CONTAINS,182,183,"{""confidence"": 0.6119999999999961}"
286,ADJACENT_TO,185,186,"{""confidence"": 0.7003386136712751}"
287,ADJACENT_TO,190,185,"{""confidence"": 0.646}"
288,ADJACENT_TO,191,185,"{""confidence"": 0.6080000000000001}"
289,ADJACENT_TO,190,186,"{""confidence"": 0.646}"
290,ADJACENT_TO,191,186,"{""confidence"": 0.6080000000000001}"
291,ADJACENT_TO,187,188,"{""confidence"": 0.6873417818740396}"
292,ADJACENT_TO,190,187,"{""confidence"": 0.646}"
293,ADJACENT_TO,191,187,"{""confidence"": 0.49624357341341735}"
294,ADJACENT_TO,190,188,"{""confidence"": 0.646}"
295,ADJACENT_TO,191,188,"{""confidence"": 0.6080000000000001}"
296,CONTAINS,190,191,"{""confidence"": 0.6119999999999961}"
297,ADJACENT_TO,192,195,"{""confidence"": 0.722}"
298,ADJACENT_TO,196,192,"{""confidence"": 0.646}"
299,ADJACENT_TO,197,192,"{""confidence"": 0.6080000000000001}"
300,ADJACENT_TO,193,194,"{""confidence"": 0.3960972222222222}"
301,ADJACENT_TO,193,195,"{""confidence"": 0.5035376984126984}"
302,ADJACENT_TO,196,193,"{""confidence"": 0.646}"
303,ADJACENT_TO,197,193,"{""confidence"": 0.6080000000000001}"
304,ADJACENT_TO,196,194,"{""confidence"": 0.646}"
305,ADJACENT_TO,197,194,"{""confidence"": 0.6080000000000001}"
306,ADJACENT_TO,196,195,"{""confidence"": 0.646}"
307,ADJACENT_TO,197,195,"{""confidence"": 0.6080000000000001}"
308,CONTAINS,196,197,"{""confidence"": 0.6119999999999961}"
309,ADJACENT_TO,198,199,"{""confidence"": 0.6749568536454129}"
310,ADJACENT_TO,207,199,"{""confidence"": 0.4071876122744746}"
311,ADJACENT_TO,200,201,"{""confidence"": 0.6541776824663661}"
312,ADJACENT_TO,207,200,"{""confidence"": 0.646}"
313,ADJACENT_TO,208,200,"{""confidence"": 0.6080000000000001}"
314,ADJACENT_TO,207,201,"{""confidence"": 0.646}"
315,ADJACENT_TO,208,201,"{""confidence"": 0.6080000000000001}"
316,ADJACENT_TO,202,203,"{""confidence"": 0.7037897497982241}"
317,ADJACENT_TO,202,204,"{""confidence"": 0.7189649582997041}"
318,ADJACENT_TO,202,205,"{""confidence"": 0.6916495829970404}"
319,ADJACENT_TO,202,206,"{""confidence"": 0.7144123957492602}"
320,ADJACENT_TO,207,202,"{""confidence"": 0.576128839164858}"
321,ADJACENT_TO,208,202,"{""confidence"": 0.4054389074492784}"
322,ADJACENT_TO,203,204,"{""confidence"": 0.722}"
323,ADJACENT_TO,203,205,"{""confidence"": 0.6962021455474844}"
324,ADJACENT_TO,207,203,"{""confidence"": 0.646}"
325,ADJACENT_TO,208,203,"{""confidence"": 0.6080000000000001}"
326,ADJACENT_TO,204,205,"{""confidence"": 0.536862456281948}"
327,ADJACENT_TO,207,204,"{""confidence"": 0.646}"
328,ADJACENT_TO,208,204,"{""confidence"": 0.6080000000000001}"
329,ADJACENT_TO,205,206,"{""confidence"": 0.4018031006187783}"
330,ADJACENT_TO,207,205,"{""confidence"": 0.646}"
331,ADJACENT_TO,208,205,"{""confidence"": 0.6080000000000001}"
332,ADJACENT_TO,207,206,"{""confidence"": 0.646}"
333,ADJACENT_TO,208,206,"{""confidence"": 0.6080000000000001}"
334,CONTAINS,207,208,"{""confidence"": 0.6119999999999962}"
335,ADJACENT_TO,209,213,"{""confidence"": 0.6368196966738269}"
336,ADJACENT_TO,209,215,"{""confidence"": 0.3372200091128038}"
337,ADJACENT_TO,209,218,"{""confidence"": 0.4568390974218106}"
338,ADJACENT_TO,219,209,"{""confidence"": 0.646}"
339,ADJACENT_TO,220,209,"{""confidence"": 0.5999356739171561}"
340,ADJACENT_TO,210,211,"{""confidence"": 0.5839491635748227}"
341,ADJACENT_TO,210,212,"{""confidence"": 0.5369531341534854}"
342,ADJACENT_TO,210,214,"{""confidence"": 0.6485687040291609}"
343,ADJACENT_TO,210,215,"{""confidence"": 0.4870198528933149}"
344,ADJACENT_TO,210,218,"{""confidence"": 0.680070237173161}"
345,ADJACENT_TO,219,210,"{""confidence"": 0.646}"
346,ADJACENT_TO,220,210,"{""confidence"": 0.6080000000000001}"
347,ADJACENT_TO,211,212,"{""confidence"": 0.6691294669009961}"
348,ADJACENT_TO,211,213,"{""confidence"": 0.43414931979431054}"
349,ADJACENT_TO,219,211,"{""confidence"": 0.646}"
350,ADJACENT_TO,220,211,"{""confidence"": 0.6080000000000001}"
351,ADJACENT_TO,212,213,"{""confidence"": 0.5046433639263166}"
352,ADJACENT_TO,219,212,"{""confidence"": 0.6394517025783641}"
353,ADJACENT_TO,220,212,"{""confidence"": 0.49925693169372765}"
354,ADJACENT_TO,213,216,"{""confidence"": 0.3577807719846385}"
355,ADJACENT_TO,219,213,"{""confidence"": 0.646}"
356,ADJACENT_TO,220,213,"{""confidence"": 0.6080000000000001}"
357,ADJACENT_TO,214,218,"{""confidence"": 0.6536349706236588}"
358,ADJACENT_TO,219,214,"{""confidence"": 0.646}"
359,ADJACENT_TO,220,214,"{""confidence"": 0.6080000000000001}"
360,ADJACENT_TO,219,215,"{""confidence"": 0.646}"
361,ADJACENT_TO,220,215,"{""confidence"": 0.5858285648382957}"
362,ADJACENT_TO,216,217,"{""confidence"": 0.3401572609516369}"
363,ADJACENT_TO,219,216,"{""confidence"": 0.646}"
364,ADJACENT_TO,220,216,"{""confidence"": 0.6080000000000001}"
365,ADJACENT_TO,217,218,"{""confidence"": 0.5420194007479838}"
366,ADJACENT_TO,219,217,"{""confidence"": 0.646}"
367,ADJACENT_TO,220,217,"{""confidence"": 0.6080000000000001}"
368,ADJACENT_TO,219,218,"{""confidence"": 0.646}"
369,ADJACENT_TO,220,218,"{""confidence"": 0.5484846665941484}"
370,CONTAINS,219,220,"{""confidence"": 0.6119999999999846}"
371,ADJACENT_TO,221,222,"{""confidence"": 0.48622784391534374}"
372,ADJACENT_TO,225,221,"{""confidence"": 0.646}"
373,ADJACENT_TO,226,221,"{""confidence"": 0.4592269841269837}"
374,ADJACENT_TO,225,222,"{""confidence"": 0.646}"
375,ADJACENT_TO,226,222,"{""confidence"": 0.6080000000000001}"
376,ADJACENT_TO,225,223,"{""confidence"": 0.646}"
377,ADJACENT_TO,226,223,"{""confidence"": 0.6080000000000001}"
378,ADJACENT_TO,225,224,"{""confidence"": 0.37731398809523836}"
379,CONTAINS,225,226,"{""confidence"": 0.6119999999999961}"
380,ADJACENT_TO,228,229,"{""confidence"": 0.6998037218282513}"
381,ADJACENT_TO,230,228,"{""confidence"": 0.646}"
382,ADJACENT_TO,231,228,"{""confidence"": 0.6080000000000001}"
383,ADJACENT_TO,230,229,"{""confidence"": 0.646}"
384,ADJACENT_TO,231,229,"{""confidence"": 0.6080000000000001}"
385,CONTAINS,230,231,"{""confidence"": 0.611999999999979}"
386,ADJACENT_TO,232,233,"{""confidence"": 0.658408530696293}"
387,ADJACENT_TO,232,235,"{""confidence"": 0.3954181183658451}"
388,ADJACENT_TO,232,237,"{""confidence"": 0.6258099170537739}"
389,ADJACENT_TO,239,232,"{""confidence"": 0.646}"
390,ADJACENT_TO,240,232,"{""confidence"": 0.6080000000000001}"
391,ADJACENT_TO,233,234,"{""confidence"": 0.5632447905887621}"
392,ADJACENT_TO,233,235,"{""confidence"": 0.692196324488549}"
393,ADJACENT_TO,233,236,"{""confidence"": 0.40565951349070983}"
394,ADJACENT_TO,233,238,"{""confidence"": 0.40823232306553797}"
395,ADJACENT_TO,239,233,"{""confidence"": 0.646}"
396,ADJACENT_TO,240,233,"{""confidence"": 0.6080000000000001}"
397,ADJACENT_TO,234,235,"{""confidence"": 0.5811269958956325}"
398,ADJACENT_TO,234,236,"{""confidence"": 0.586915212526555}"
399,ADJACENT_TO,234,237,"{""confidence"": 0.5449255512867056}"
400,ADJACENT_TO,234,238,"{""confidence"": 0.6402412315600722}"
401,ADJACENT_TO,239,234,"{""confidence"": 0.646}"
402,ADJACENT_TO,240,234,"{""confidence"": 0.6080000000000001}"
403,ADJACENT_TO,235,236,"{""confidence"": 0.42354171879758024}"
404,ADJACENT_TO,235,238,"{""confidence"": 0.6824261377708865}"
405,ADJACENT_TO,239,235,"{""confidence"": 0.646}"
406,ADJACENT_TO,240,235,"{""confidence"": 0.6080000000000001}"
407,ADJACENT_TO,236,238,"{""confidence"": 0.6367444326923372}"
408,ADJACENT_TO,239,236,"{""confidence"": 0.646}"
409,ADJACENT_TO,240,236,"{""confidence"": 0.6080000000000001}"
410,ADJACENT_TO,237,238,"{""confidence"": 0.46534821197547444}"
411,ADJACENT_TO,239,237,"{""confidence"": 0.646}"
412,ADJACENT_TO,240,237,"{""confidence"": 0.6080000000000001}"
413,ADJACENT_TO,239,238,"{""confidence"": 0.646}"
414,ADJACENT_TO,240,238,"{""confidence"": 0.6080000000000001}"
415,CONTAINS,239,240,"{""confidence"": 0.611999999999979}"
416,ADJACENT_TO,241,242,"{""confidence"": 0.7054724617333311}"
417,ADJACENT_TO,244,241,"{""confidence"": 0.646}"
418,ADJACENT_TO,245,241,"{""confidence"": 0.6080000000000001}"
419,ADJACENT_TO,242,243,"{""confidence"": 0.6448714880888797}"
420,ADJACENT_TO,244,242,"{""confidence"": 0.646}"
421,ADJACENT_TO,245,242,"{""confidence"": 0.6080000000000001}"
422,ADJACENT_TO,244,243,"{""confidence"": 0.646}"
423,ADJACENT_TO,245,243,"{""confidence"": 0.6080000000000001}"
424,CONTAINS,244,245,"{""confidence"": 0.6119999999999788}"
425,ADJACENT_TO,249,246,"{""confidence"": 0.3143252293885209}"
426,ADJACENT_TO,249,247,"{""confidence"": 0.646}"
427,ADJACENT_TO,250,247,"{""confidence"": 0.6080000000000001}"
428,ADJACENT_TO,249,248,"{""confidence"": 0.5124009610876697}"
429,CONTAINS,249,250,"{""confidence"": 0.6119999999999961}"
430,ADJACENT_TO,251,254,"{""confidence"": 0.6712642195767193}"
431,ADJACENT_TO,255,251,"{""confidence"": 0.646}"
432,ADJACENT_TO,256,251,"{""confidence"": 0.5672957671957665}"
433,ADJACENT_TO,252,253,"{""confidence"": 0.43250760582010617}"
434,ADJACENT_TO,255,252,"{""confidence"": 0.646}"
435,ADJACENT_TO,256,252,"{""confidence"": 0.6080000000000001}"
436,ADJACENT_TO,255,253,"{""confidence"": 0.646}"
437,ADJACENT_TO,256,253,"{""confidence"": 0.6080000000000001}"
438,ADJACENT_TO,255,254,"{""confidence"": 0.6176413690476186}"
439,ADJACENT_TO,256,254,"{""confidence"": 0.3989095238095233}"
440,CONTAINS,255,256,"{""confidence"": 0.6119999999999961}"
441,ADJACENT_TO,259,257,"{""confidence"": 0.646}"
442,ADJACENT_TO,260,257,"{""confidence"": 0.6080000000000001}"
443,ADJACENT_TO,259,258,"{""confidence"": 0.646}"
444,ADJACENT_TO,260,258,"{""confidence"": 0.6080000000000001}"
445,CONTAINS,259,260,"{""confidence"": 0.6119999999999961}"
446,ADJACENT_TO,266,261,"{""confidence"": 0.646}"
447,ADJACENT_TO,267,261,"{""confidence"": 0.6080000000000001}"
448,ADJACENT_TO,262,263,"{""confidence"": 0.6647955939288045}"
449,ADJACENT_TO,262,264,"{""confidence"": 0.373876900559351}"
450,ADJACENT_TO,262,265,"{""confidence"": 0.5617329478862578}"
451,ADJACENT_TO,266,262,"{""confidence"": 0.646}"
452,ADJACENT_TO,267,262,"{""confidence"": 0.6080000000000001}"
453,ADJACENT_TO,263,264,"{""confidence"": 0.6776590311208212}"
454,ADJACENT_TO,263,265,"{""confidence"": 0.6809547512493633}"
455,ADJACENT_TO,264,265,"{""confidence"": 0.6330155565293598}"
456,ADJACENT_TO,266,264,"{""confidence"": 0.646}"
457,ADJACENT_TO,267,264,"{""confidence"": 0.607006217577638}"
458,ADJACENT_TO,266,265,"{""confidence"": 0.646}"
459,ADJACENT_TO,267,265,"{""confidence"": 0.6080000000000001}"
460,CONTAINS,266,267,"{""confidence"": 0.6119999999999961}"
461,ADJACENT_TO,268,269,"{""confidence"": 0.6898187933060496}"
462,ADJACENT_TO,271,268,"{""confidence"": 0.646}"
463,ADJACENT_TO,272,268,"{""confidence"": 0.4883016118710273}"
464,ADJACENT_TO,271,269,"{""confidence"": 0.646}"
465,ADJACENT_TO,272,269,"{""confidence"": 0.6080000000000001}"
466,ADJACENT_TO,271,270,"{""confidence"": 0.3992655248952095}"
467,CONTAINS,271,272,"{""confidence"": 0.6119999999999775}"
468,ADJACENT_TO,280,281,"{""confidence"": 0.722}"
469,ADJACENT_TO,280,282,"{""confidence"": 0.6793176638176638}"
470,ADJACENT_TO,280,283,"{""confidence"": 0.6803549239161639}"
471,ADJACENT_TO,284,280,"{""confidence"": 0.646}"
472,ADJACENT_TO,285,280,"{""confidence"": 0.6080000000000001}"
473,ADJACENT_TO,281,282,"{""confidence"": 0.722}"
474,ADJACENT_TO,281,283,"{""confidence"": 0.6909524045038409}"
475,ADJACENT_TO,284,281,"{""confidence"": 0.646}"
476,ADJACENT_TO,285,281,"{""confidence"": 0.6080000000000001}"
477,ADJACENT_TO,284,282,"{""confidence"": 0.646}"
478,ADJACENT_TO,285,282,"{""confidence"": 0.6080000000000001}"
479,ADJACENT_TO,284,283,"{""confidence"": 0.646}"
480,ADJACENT_TO,285,283,"{""confidence"": 0.6080000000000001}"
481,CONTAINS,284,285,"{""confidence"": 0.6119999999999942}"
482,ADJACENT_TO,286,287,"{""confidence"": 0.7085218040621264}"
483,ADJACENT_TO,286,288,"{""confidence"": 0.6838117781760253}"
484,ADJACENT_TO,289,286,"{""confidence"": 0.646}"
485,ADJACENT_TO,290,286,"{""confidence"": 0.6080000000000001}"
486,ADJACENT_TO,289,287,"{""confidence"": 0.646}"
487,ADJACENT_TO,290,287,"{""confidence"": 0.6080000000000001}"
488,ADJACENT_TO,289,288,"{""confidence"": 0.40291655880791183}"
489,CONTAINS,289,290,"{""confidence"": 0.6119999999999978}"
490,ADJACENT_TO,293,294,"{""confidence"": 0.7166432811016145}"
491,ADJACENT_TO,295,293,"{""confidence"": 0.646}"
492,ADJACENT_TO,296,293,"{""confidence"": 0.6080000000000001}"
493,ADJACENT_TO,295,294,"{""confidence"": 0.646}"
494,ADJACENT_TO,296,294,"{""confidence"": 0.6080000000000001}"
495,CONTAINS,295,296,"{""confidence"": 0.6119999999999978}"
496,ADJACENT_TO,302,299,"{""confidence"": 0.646}"
497,ADJACENT_TO,303,299,"{""confidence"": 0.6080000000000001}"
498,ADJACENT_TO,302,300,"{""confidence"": 0.646}"
499,ADJACENT_TO,303,300,"{""confidence"": 0.6080000000000001}"
500,ADJACENT_TO,302,301,"{""confidence"": 0.646}"
501,ADJACENT_TO,303,301,"{""confidence"": 0.6080000000000001}"
502,CONTAINS,302,303,"{""confidence"": 0.6119999999999962}"
503,ADJACENT_TO,304,305,"{""confidence"": 0.46842337424201896}"
504,ADJACENT_TO,304,306,"{""confidence"": 0.4272051634675404}"
505,ADJACENT_TO,307,304,"{""confidence"": 0.646}"
506,ADJACENT_TO,308,304,"{""confidence"": 0.6080000000000001}"
507,ADJACENT_TO,307,305,"{""confidence"": 0.646}"
508,ADJACENT_TO,308,305,"{""confidence"": 0.6080000000000001}"
509,ADJACENT_TO,307,306,"{""confidence"": 0.646}"
510,ADJACENT_TO,308,306,"{""confidence"": 0.6080000000000001}"
511,CONTAINS,307,308,"{""confidence"": 0.6119999999999962}"
512,ADJACENT_TO,311,309,"{""confidence"": 0.4459425241157557}"
513,ADJACENT_TO,311,310,"{""confidence"": 0.40255203840221654}"
514,CONTAINS,311,312,"{""confidence"": 0.611999999999898}"
515,ADJACENT_TO,315,313,"{""confidence"": 0.646}"
516,ADJACENT_TO,316,313,"{""confidence"": 0.44603253968253925}"
517,ADJACENT_TO,315,314,"{""confidence"": 0.646}"
518,ADJACENT_TO,316,314,"{""confidence"": 0.560384391534392}"
519,CONTAINS,315,316,"{""confidence"": 0.6119999999999961}"
520,ADJACENT_TO,323,324,"{""confidence"": 0.722}"
521,ADJACENT_TO,325,323,"{""confidence"": 0.646}"
522,ADJACENT_TO,326,323,"{""confidence"": 0.6080000000000001}"
523,ADJACENT_TO,325,324,"{""confidence"": 0.646}"
524,ADJACENT_TO,326,324,"{""confidence"": 0.6080000000000001}"
525,CONTAINS,325,326,"{""confidence"": 0.611999999999898}"
526,ADJACENT_TO,330,328,"{""confidence"": 0.646}"
527,ADJACENT_TO,331,328,"{""confidence"": 0.6080000000000001}"
528,ADJACENT_TO,330,329,"{""confidence"": 0.646}"
529,ADJACENT_TO,331,329,"{""confidence"": 0.6080000000000001}"
530,CONTAINS,330,331,"{""confidence"": 0.6119999999999044}"
531,ADJACENT_TO,332,333,"{""confidence"": 0.722}"
532,ADJACENT_TO,332,334,"{""confidence"": 0.3016972516820905}"
533,ADJACENT_TO,332,335,"{""confidence"": 0.6664967616704782}"
534,ADJACENT_TO,337,332,"{""confidence"": 0.646}"
535,ADJACENT_TO,338,332,"{""confidence"": 0.6080000000000001}"
536,ADJACENT_TO,333,334,"{""confidence"": 0.6659372532195763}"
537,ADJACENT_TO,333,335,"{""confidence"": 0.6873104760440493}"
538,ADJACENT_TO,333,336,"{""confidence"": 0.3840044176209132}"
539,ADJACENT_TO,337,333,"{""confidence"": 0.646}"
540,ADJACENT_TO,338,333,"{""confidence"": 0.6080000000000001}"
541,ADJACENT_TO,334,335,"{""confidence"": 0.722}"
542,ADJACENT_TO,337,334,"{""confidence"": 0.646}"
543,ADJACENT_TO,338,334,"{""confidence"": 0.6080000000000001}"
544,ADJACENT_TO,335,336,"{""confidence"": 0.5220292810091894}"
545,ADJACENT_TO,337,335,"{""confidence"": 0.646}"
546,ADJACENT_TO,338,335,"{""confidence"": 0.6080000000000001}"
547,ADJACENT_TO,337,336,"{""confidence"": 0.646}"
548,ADJACENT_TO,338,336,"{""confidence"": 0.6080000000000001}"
549,CONTAINS,337,338,"{""confidence"": 0.6119999999999776}"
550,ADJACENT_TO,340,341,"{""confidence"": 0.722}"
551,ADJACENT_TO,342,340,"{""confidence"": 0.646}"
552,ADJACENT_TO,343,340,"{""confidence"": 0.6080000000000001}"
553,ADJACENT_TO,342,341,"{""confidence"": 0.646}"
554,ADJACENT_TO,343,341,"{""confidence"": 0.6080000000000001}"
555,CONTAINS,342,343,"{""confidence"": 0.6119999999999776}"
556,ADJACENT_TO,347,345,"{""confidence"": 0.646}"
557,ADJACENT_TO,348,345,"{""confidence"": 0.6080000000000001}"
558,ADJACENT_TO,347,346,"{""confidence"": 0.646}"
559,ADJACENT_TO,348,346,"{""confidence"": 0.6080000000000001}"
560,CONTAINS,347,348,"{""confidence"": 0.6119999999999044}"
561,ADJACENT_TO,351,349,"{""confidence"": 0.646}"
562,ADJACENT_TO,352,349,"{""confidence"": 0.6080000000000001}"
563,ADJACENT_TO,351,350,"{""confidence"": 0.646}"
564,ADJACENT_TO,352,350,"{""confidence"": 0.6080000000000001}"
565,CONTAINS,351,352,"{""confidence"": 0.6119999999999044}"
566,CONTAINS,355,356,"{""confidence"": 0.6119999999999776}"
567,ADJACENT_TO,360,358,"{""confidence"": 0.646}"
568,ADJACENT_TO,361,358,"{""confidence"": 0.6080000000000001}"
569,ADJACENT_TO,360,359,"{""confidence"": 0.646}"
570,ADJACENT_TO,361,359,"{""confidence"": 0.6080000000000001}"
571,CONTAINS,360,361,"{""confidence"": 0.611999999999993}"
572,ADJACENT_TO,362,367,"{""confidence"": 0.47130555555555576}"
573,ADJACENT_TO,362,368,"{""confidence"": 0.38833313641510403}"
574,ADJACENT_TO,362,370,"{""confidence"": 0.7107135361444147}"
575,ADJACENT_TO,362,372,"{""confidence"": 0.722}"
576,ADJACENT_TO,362,373,"{""confidence"": 0.722}"
577,ADJACENT_TO,362,376,"{""confidence"": 0.5185676229508197}"
578,ADJACENT_TO,362,377,"{""confidence"": 0.3850009107468129}"
579,ADJACENT_TO,362,378,"{""confidence"": 0.47996934229311305}"
580,ADJACENT_TO,380,362,"{""confidence"": 0.646}"
581,ADJACENT_TO,381,362,"{""confidence"": 0.6080000000000001}"
582,ADJACENT_TO,363,364,"{""confidence"": 0.693231785063752}"
583,ADJACENT_TO,363,369,"{""confidence"": 0.3825572785900656}"
584,ADJACENT_TO,363,370,"{""confidence"": 0.5093360315906805}"
585,ADJACENT_TO,363,379,"{""confidence"": 0.5700621142919283}"
586,ADJACENT_TO,364,365,"{""confidence"": 0.6973415300546444}"
587,ADJACENT_TO,364,370,"{""confidence"": 0.513445776581573}"
588,ADJACENT_TO,364,379,"{""confidence"": 0.5741718592828209}"
589,ADJACENT_TO,380,364,"{""confidence"": 0.5905341663367799}"
590,ADJACENT_TO,381,364,"{""confidence"": 0.4189968624346163}"
591,ADJACENT_TO,365,366,"{""confidence"": 0.7178902550091071}"
592,ADJACENT_TO,365,370,"{""confidence"": 0.49289705162711045}"
593,ADJACENT_TO,365,379,"{""confidence"": 0.5536231343283583}"
594,ADJACENT_TO,380,365,"{""confidence"": 0.646}"
595,ADJACENT_TO,381,365,"{""confidence"": 0.6080000000000001}"
596,ADJACENT_TO,366,370,"{""confidence"": 0.48878730663621794}"
597,ADJACENT_TO,366,371,"{""confidence"": 0.7055610200364297}"
598,ADJACENT_TO,366,379,"{""confidence"": 0.5495133893374659}"
599,ADJACENT_TO,380,366,"{""confidence"": 0.646}"
600,ADJACENT_TO,381,366,"{""confidence"": 0.6080000000000001}"
601,ADJACENT_TO,367,370,"{""confidence"": 0.7041502120544818}"
602,ADJACENT_TO,367,371,"{""confidence"": 0.42198861566484525}"
603,ADJACENT_TO,367,376,"{""confidence"": 0.4723607603505141}"
604,ADJACENT_TO,367,377,"{""confidence"": 0.5460584847142222}"
605,ADJACENT_TO,367,378,"{""confidence"": 0.713669435829272}"
606,ADJACENT_TO,367,379,"{""confidence"": 0.6495887468395727}"
607,ADJACENT_TO,380,367,"{""confidence"": 0.646}"
608,ADJACENT_TO,381,367,"{""confidence"": 0.6080000000000001}"
609,ADJACENT_TO,368,369,"{""confidence"": 0.40721574853542086}"
610,ADJACENT_TO,368,370,"{""confidence"": 0.6211777929140301}"
611,ADJACENT_TO,368,372,"{""confidence"": 0.3588984763451975}"
612,ADJACENT_TO,368,377,"{""confidence"": 0.6586877123024664}"
613,ADJACENT_TO,368,379,"{""confidence"": 0.566616327699121}"
614,ADJACENT_TO,380,368,"{""confidence"": 0.646}"
615,ADJACENT_TO,381,368,"{""confidence"": 0.6080000000000001}"
616,ADJACENT_TO,369,370,"{""confidence"": 0.41957813998240967}"
617,ADJACENT_TO,369,371,"{""confidence"": 0.3069157559198541}"
618,ADJACENT_TO,369,379,"{""confidence"": 0.36501667476750055}"
619,ADJACENT_TO,380,369,"{""confidence"": 0.646}"
620,ADJACENT_TO,381,369,"{""confidence"": 0.6080000000000001}"
621,ADJACENT_TO,370,371,"{""confidence"": 0.44768985672729233}"
622,ADJACENT_TO,370,372,"{""confidence"": 0.4312508767637225}"
623,ADJACENT_TO,370,373,"{""confidence"": 0.5548455424866294}"
624,ADJACENT_TO,370,374,"{""confidence"": 0.34171714660499225}"
625,ADJACENT_TO,370,375,"{""confidence"": 0.7152307505213978}"
626,ADJACENT_TO,370,376,"{""confidence"": 0.3607981054912792}"
627,ADJACENT_TO,370,377,"{""confidence"": 0.6178455672457389}"
628,ADJACENT_TO,370,378,"{""confidence"": 0.7128139987920391}"
629,ADJACENT_TO,370,379,"{""confidence"": 0.5536231343283585}"
630,ADJACENT_TO,380,370,"{""confidence"": 0.646}"
631,ADJACENT_TO,381,370,"{""confidence"": 0.6080000000000001}"
632,ADJACENT_TO,371,372,"{""confidence"": 0.7096707650273223}"
633,ADJACENT_TO,371,379,"{""confidence"": 0.5084159394285401}"
634,ADJACENT_TO,380,371,"{""confidence"": 0.646}"
635,ADJACENT_TO,381,371,"{""confidence"": 0.6080000000000001}"
636,ADJACENT_TO,372,373,"{""confidence"": 0.7111652177512828}"
637,ADJACENT_TO,372,378,"{""confidence"": 0.4023284842219271}"
638,ADJACENT_TO,372,379,"{""confidence"": 0.49197695946497033}"
639,ADJACENT_TO,380,372,"{""confidence"": 0.646}"
640,ADJACENT_TO,381,372,"{""confidence"": 0.6080000000000001}"
641,ADJACENT_TO,373,376,"{""confidence"": 0.713193403590944}"
642,ADJACENT_TO,373,379,"{""confidence"": 0.4060459278372176}"
643,ADJACENT_TO,380,373,"{""confidence"": 0.646}"
644,ADJACENT_TO,381,373,"{""confidence"": 0.6080000000000001}"
645,ADJACENT_TO,374,375,"{""confidence"": 0.6882413804319543}"
646,ADJACENT_TO,374,378,"{""confidence"": 0.45109798703856036}"
647,ADJACENT_TO,374,379,"{""confidence"": 0.40244322930624005}"
648,ADJACENT_TO,380,374,"{""confidence"": 0.646}"
649,ADJACENT_TO,381,374,"{""confidence"": 0.6080000000000001}"
650,ADJACENT_TO,375,376,"{""confidence"": 0.7073223393182408}"
651,ADJACENT_TO,375,379,"{""confidence"": 0.3951043989653604}"
652,ADJACENT_TO,380,375,"{""confidence"": 0.646}"
653,ADJACENT_TO,381,375,"{""confidence"": 0.6080000000000001}"
654,ADJACENT_TO,376,379,"{""confidence"": 0.5457147231252018}"
655,ADJACENT_TO,380,376,"{""confidence"": 0.646}"
656,ADJACENT_TO,381,376,"{""confidence"": 0.6080000000000001}"
657,ADJACENT_TO,377,379,"{""confidence"": 0.5632841020308297}"
658,ADJACENT_TO,380,377,"{""confidence"": 0.646}"
659,ADJACENT_TO,381,377,"{""confidence"": 0.6080000000000001}"
660,ADJACENT_TO,378,379,"{""confidence"": 0.7004648699347742}"
661,ADJACENT_TO,380,378,"{""confidence"": 0.646}"
662,ADJACENT_TO,381,378,"{""confidence"": 0.6080000000000001}"
663,ADJACENT_TO,380,379,"{""confidence"": 0.646}"
664,ADJACENT_TO,381,379,"{""confidence"": 0.6080000000000001}"
665,CONTAINS,380,381,"{""confidence"": 0.6119999999999961}"
666,ADJACENT_TO,385,382,"{""confidence"": 0.646}"
667,ADJACENT_TO,386,382,"{""confidence"": 0.6080000000000001}"
668,ADJACENT_TO,383,384,"{""confidence"": 0.6125698853615524}"
669,ADJACENT_TO,385,383,"{""confidence"": 0.646}"
670,ADJACENT_TO,386,383,"{""confidence"": 0.6080000000000001}"
671,ADJACENT_TO,385,384,"{""confidence"": 0.646}"
672,ADJACENT_TO,386,384,"{""confidence"": 0.6080000000000001}"
673,CONTAINS,385,386,"{""confidence"": 0.6119999999999961}"
674,ADJACENT_TO,389,387,"{""confidence"": 0.646}"
675,ADJACENT_TO,390,387,"{""confidence"": 0.6080000000000001}"
676,ADJACENT_TO,389,388,"{""confidence"": 0.646}"
677,ADJACENT_TO,390,388,"{""confidence"": 0.6020429745357369}"
678,CONTAINS,389,390,"{""confidence"": 0.6119999999999962}"
679,ADJACENT_TO,391,392,"{""confidence"": 0.722}"
680,ADJACENT_TO,394,391,"{""confidence"": 0.646}"
681,ADJACENT_TO,395,391,"{""confidence"": 0.6080000000000001}"
682,ADJACENT_TO,392,393,"{""confidence"": 0.4032599206349206}"
683,ADJACENT_TO,394,392,"{""confidence"": 0.646}"
684,ADJACENT_TO,395,392,"{""confidence"": 0.6080000000000001}"
685,ADJACENT_TO,394,393,"{""confidence"": 0.646}"
686,ADJACENT_TO,395,393,"{""confidence"": 0.6080000000000001}"
687,CONTAINS,394,395,"{""confidence"": 0.6119999999999961}"
688,ADJACENT_TO,400,397,"{""confidence"": 0.646}"
689,ADJACENT_TO,401,397,"{""confidence"": 0.4456420574026713}"
690,ADJACENT_TO,398,399,"{""confidence"": 0.40654816709292435}"
691,ADJACENT_TO,400,398,"{""confidence"": 0.646}"
692,ADJACENT_TO,401,398,"{""confidence"": 0.6080000000000001}"
693,ADJACENT_TO,400,399,"{""confidence"": 0.646}"
694,ADJACENT_TO,401,399,"{""confidence"": 0.6080000000000001}"
695,CONTAINS,400,401,"{""confidence"": 0.6119999999999961}"
696,ADJACENT_TO,402,403,"{""confidence"": 0.6324662698412699}"
697,ADJACENT_TO,402,404,"{""confidence"": 0.6682797619047619}"
698,ADJACENT_TO,405,402,"{""confidence"": 0.646}"
699,ADJACENT_TO,406,402,"{""confidence"": 0.6080000000000001}"
700,ADJACENT_TO,405,403,"{""confidence"": 0.646}"
701,ADJACENT_TO,406,403,"{""confidence"": 0.6080000000000001}"
702,ADJACENT_TO,405,404,"{""confidence"": 0.646}"
703,ADJACENT_TO,406,404,"{""confidence"": 0.6080000000000001}"
704,CONTAINS,405,406,"{""confidence"": 0.6119999999999961}"
705,ADJACENT_TO,409,410,"{""confidence"": 0.45793957046778533}"
706,ADJACENT_TO,409,411,"{""confidence"": 0.45455494162062166}"
707,ADJACENT_TO,412,409,"{""confidence"": 0.646}"
708,ADJACENT_TO,413,409,"{""confidence"": 0.6080000000000001}"
709,ADJACENT_TO,410,411,"{""confidence"": 0.6633330999824988}"
710,CONTAINS,412,413,"{""confidence"": 0.6119999999999651}"
711,ADJACENT_TO,414,416,"{""confidence"": 0.4795961054221922}"
712,ADJACENT_TO,415,416,"{""confidence"": 0.30330236391105947}"
713,ADJACENT_TO,420,415,"{""confidence"": 0.646}"
714,ADJACENT_TO,421,415,"{""confidence"": 0.6080000000000001}"
715,ADJACENT_TO,416,417,"{""confidence"": 0.5567246173333129}"
716,ADJACENT_TO,416,418,"{""confidence"": 0.7216651512932735}"
717,ADJACENT_TO,420,416,"{""confidence"": 0.646}"
718,ADJACENT_TO,421,416,"{""confidence"": 0.6080000000000001}"
719,ADJACENT_TO,417,418,"{""confidence"": 0.6331330287000965}"
720,ADJACENT_TO,417,419,"{""confidence"": 0.5842705144444275}"
721,ADJACENT_TO,420,417,"{""confidence"": 0.646}"
722,ADJACENT_TO,421,417,"{""confidence"": 0.6080000000000001}"
723,ADJACENT_TO,420,418,"{""confidence"": 0.646}"
724,ADJACENT_TO,421,418,"{""confidence"": 0.6080000000000001}"
725,ADJACENT_TO,420,419,"{""confidence"": 0.33893388082749787}"
726,CONTAINS,420,421,"{""confidence"": 0.6119999999999779}"
727,ADJACENT_TO,422,423,"{""confidence"": 0.4132917478265004}"
728,ADJACENT_TO,424,422,"{""confidence"": 0.646}"
729,ADJACENT_TO,425,422,"{""confidence"": 0.6080000000000001}"
730,ADJACENT_TO,424,423,"{""confidence"": 0.646}"
731,ADJACENT_TO,425,423,"{""confidence"": 0.6080000000000001}"
732,CONTAINS,424,425,"{""confidence"": 0.611999999999825}"
733,ADJACENT_TO,426,427,"{""confidence"": 0.7108628370457204}"
734,ADJACENT_TO,428,426,"{""confidence"": 0.646}"
735,ADJACENT_TO,429,426,"{""confidence"": 0.6080000000000001}"
736,ADJACENT_TO,428,427,"{""confidence"": 0.646}"
737,ADJACENT_TO,429,427,"{""confidence"": 0.6080000000000001}"
738,CONTAINS,428,429,"{""confidence"": 0.611999999999979}"
739,ADJACENT_TO,430,431,"{""confidence"": 0.6945115740740736}"
740,ADJACENT_TO,433,430,"{""confidence"": 0.646}"
741,ADJACENT_TO,434,430,"{""confidence"": 0.6080000000000001}"
742,ADJACENT_TO,433,431,"{""confidence"": 0.646}"
743,ADJACENT_TO,434,431,"{""confidence"": 0.6080000000000001}"
744,ADJACENT_TO,433,432,"{""confidence"": 0.5578387345679011}"
745,ADJACENT_TO,434,432,"{""confidence"": 0.38822469135802457}"
746,CONTAINS,433,434,"{""confidence"": 0.6119999999999949}"
747,CONTAINS,437,438,"{""confidence"": 0.6119999999999776}"
748,ADJACENT_TO,440,446,"{""confidence"": 0.700156790076769}"
749,ADJACENT_TO,441,442,"{""confidence"": 0.6729964830011719}"
750,ADJACENT_TO,441,443,"{""confidence"": 0.6157299096169119}"
751,ADJACENT_TO,441,446,"{""confidence"": 0.7068390878493364}"
752,ADJACENT_TO,447,441,"{""confidence"": 0.646}"
753,ADJACENT_TO,448,441,"{""confidence"": 0.6080000000000001}"
754,ADJACENT_TO,442,444,"{""confidence"": 0.5710375524713531}"
755,ADJACENT_TO,442,445,"{""confidence"": 0.530081533865295}"
756,ADJACENT_TO,442,446,"{""confidence"": 0.6934744923042018}"
757,ADJACENT_TO,447,442,"{""confidence"": 0.646}"
758,ADJACENT_TO,448,442,"{""confidence"": 0.6080000000000001}"
759,ADJACENT_TO,443,446,"{""confidence"": 0.6919655863555572}"
760,ADJACENT_TO,447,443,"{""confidence"": 0.646}"
761,ADJACENT_TO,448,443,"{""confidence"": 0.6080000000000001}"
762,ADJACENT_TO,444,446,"{""confidence"": 0.4953766970464774}"
763,ADJACENT_TO,447,444,"{""confidence"": 0.646}"
764,ADJACENT_TO,448,444,"{""confidence"": 0.6080000000000001}"
765,ADJACENT_TO,445,446,"{""confidence"": 0.6865047838747494}"
766,ADJACENT_TO,447,445,"{""confidence"": 0.646}"
767,ADJACENT_TO,448,445,"{""confidence"": 0.6080000000000001}"
768,CONTAINS,447,448,"{""confidence"": 0.6119999999999776}"
769,ADJACENT_TO,449,450,"{""confidence"": 0.4826196560886946}"
770,ADJACENT_TO,451,449,"{""confidence"": 0.646}"
771,ADJACENT_TO,452,449,"{""confidence"": 0.6080000000000001}"
772,ADJACENT_TO,451,450,"{""confidence"": 0.646}"
773,ADJACENT_TO,452,450,"{""confidence"": 0.6080000000000001}"
774,CONTAINS,451,452,"{""confidence"": 0.6119999999999874}"
775,ADJACENT_TO,460,456,"{""confidence"": 0.3329200497879668}"
776,ADJACENT_TO,457,459,"{""confidence"": 0.5391305342075171}"
777,ADJACENT_TO,460,457,"{""confidence"": 0.646}"
778,ADJACENT_TO,461,457,"{""confidence"": 0.6080000000000001}"
779,ADJACENT_TO,460,458,"{""confidence"": 0.3983680691242241}"
780,ADJACENT_TO,460,459,"{""confidence"": 0.646}"
781,ADJACENT_TO,461,459,"{""confidence"": 0.6080000000000001}"
782,CONTAINS,460,461,"{""confidence"": 0.6119999999999776}"
783,ADJACENT_TO,462,463,"{""confidence"": 0.6885885111371627}"
784,ADJACENT_TO,462,464,"{""confidence"": 0.5883540445486519}"
785,ADJACENT_TO,465,462,"{""confidence"": 0.646}"
786,ADJACENT_TO,466,462,"{""confidence"": 0.5210160218835483}"
787,ADJACENT_TO,465,463,"{""confidence"": 0.646}"
788,ADJACENT_TO,466,463,"{""confidence"": 0.6080000000000001}"
789,ADJACENT_TO,465,464,"{""confidence"": 0.646}"
790,ADJACENT_TO,466,464,"{""confidence"": 0.5710355607659232}"
791,CONTAINS,465,466,"{""confidence"": 0.611999999999979}"
792,ADJACENT_TO,469,467,"{""confidence"": 0.646}"
793,ADJACENT_TO,470,467,"{""confidence"": 0.6080000000000001}"
794,ADJACENT_TO,469,468,"{""confidence"": 0.646}"
795,ADJACENT_TO,470,468,"{""confidence"": 0.6080000000000001}"
796,CONTAINS,469,470,"{""confidence"": 0.6119999999999776}"
797,ADJACENT_TO,471,473,"{""confidence"": 0.5685136054421771}"
798,ADJACENT_TO,475,471,"{""confidence"": 0.5864560303287984}"
799,ADJACENT_TO,476,471,"{""confidence"": 0.36955861678004553}"
800,ADJACENT_TO,472,474,"{""confidence"": 0.7006824452003023}"
801,ADJACENT_TO,475,472,"{""confidence"": 0.646}"
802,ADJACENT_TO,476,472,"{""confidence"": 0.6080000000000001}"
803,ADJACENT_TO,473,474,"{""confidence"": 0.41502721088435396}"
804,CONTAINS,475,476,"{""confidence"": 0.6119999999999961}"
805,ADJACENT_TO,483,484,"{""confidence"": 0.48107287157287154}"
806,ADJACENT_TO,483,490,"{""confidence"": 0.5136305916305913}"
807,ADJACENT_TO,491,483,"{""confidence"": 0.646}"
808,ADJACENT_TO,492,483,"{""confidence"": 0.6080000000000001}"
809,ADJACENT_TO,484,485,"{""confidence"": 0.4875844155844154}"
810,ADJACENT_TO,491,484,"{""confidence"": 0.646}"
811,ADJACENT_TO,492,484,"{""confidence"": 0.6080000000000001}"
812,ADJACENT_TO,485,486,"{""confidence"": 0.6275826118326122}"
813,ADJACENT_TO,491,485,"{""confidence"": 0.646}"
814,ADJACENT_TO,492,485,"{""confidence"": 0.6080000000000001}"
815,ADJACENT_TO,486,487,"{""confidence"": 0.4940959595959592}"
816,ADJACENT_TO,491,486,"{""confidence"": 0.5386246392496393}"
817,ADJACENT_TO,492,486,"{""confidence"": 0.32454083694083696}"
818,ADJACENT_TO,491,488,"{""confidence"": 0.646}"
819,ADJACENT_TO,492,488,"{""confidence"": 0.6080000000000001}"
820,ADJACENT_TO,489,490,"{""confidence"": 0.6601403318903315}"
821,ADJACENT_TO,491,490,"{""confidence"": 0.5881466450216448}"
822,ADJACENT_TO,492,490,"{""confidence"": 0.3711497835497833}"
823,CONTAINS,491,492,"{""confidence"": 0.6119999999999961}"
824,ADJACENT_TO,496,493,"{""confidence"": 0.646}"
825,ADJACENT_TO,497,493,"{""confidence"": 0.6080000000000001}"
826,ADJACENT_TO,494,495,"{""confidence"": 0.6901470588235292}"
827,ADJACENT_TO,496,494,"{""confidence"": 0.646}"
828,ADJACENT_TO,497,494,"{""confidence"": 0.6080000000000001}"
829,ADJACENT_TO,496,495,"{""confidence"": 0.646}"
830,ADJACENT_TO,497,495,"{""confidence"": 0.6080000000000001}"
831,CONTAINS,496,497,"{""confidence"": 0.611999999999996}"
832,ADJACENT_TO,500,498,"{""confidence"": 0.646}"
833,ADJACENT_TO,501,498,"{""confidence"": 0.6080000000000001}"
834,ADJACENT_TO,500,499,"{""confidence"": 0.646}"
835,ADJACENT_TO,501,499,"{""confidence"": 0.6080000000000001}"
836,CONTAINS,500,501,"{""confidence"": 0.6119999999999963}"
837,ADJACENT_TO,504,505,"{""confidence"": 0.667333954782197}"
838,ADJACENT_TO,504,506,"{""confidence"": 0.6602119535195708}"
839,ADJACENT_TO,508,504,"{""confidence"": 0.646}"
840,ADJACENT_TO,509,504,"{""confidence"": 0.6080000000000001}"
841,ADJACENT_TO,505,506,"{""confidence"": 0.6276334832702019}"
842,ADJACENT_TO,505,507,"{""confidence"": 0.6148138809974747}"
843,ADJACENT_TO,508,505,"{""confidence"": 0.646}"
844,ADJACENT_TO,509,505,"{""confidence"": 0.6080000000000001}"
845,ADJACENT_TO,506,507,"{""confidence"": 0.6076918797348486}"
846,ADJACENT_TO,508,506,"{""confidence"": 0.646}"
847,ADJACENT_TO,509,506,"{""confidence"": 0.6080000000000001}"
848,ADJACENT_TO,508,507,"{""confidence"": 0.646}"
849,ADJACENT_TO,509,507,"{""confidence"": 0.6080000000000001}"
850,CONTAINS,508,509,"{""confidence"": 0.6119999999999952}"
851,ADJACENT_TO,510,511,"{""confidence"": 0.58509499626587}"
852,ADJACENT_TO,510,512,"{""confidence"": 0.4375136669156088}"
853,ADJACENT_TO,510,513,"{""confidence"": 0.5899748319641521}"
854,ADJACENT_TO,514,510,"{""confidence"": 0.646}"
855,ADJACENT_TO,515,510,"{""confidence"": 0.6080000000000001}"
856,ADJACENT_TO,514,511,"{""confidence"": 0.32158089463530026}"
857,ADJACENT_TO,512,513,"{""confidence"": 0.6799417475728156}"
858,ADJACENT_TO,514,512,"{""confidence"": 0.646}"
859,ADJACENT_TO,515,512,"{""confidence"": 0.6080000000000001}"
860,ADJACENT_TO,514,513,"{""confidence"": 0.646}"
861,ADJACENT_TO,515,513,"{""confidence"": 0.6080000000000001}"
862,CONTAINS,514,515,"{""confidence"": 0.611999999999995}"
863,ADJACENT_TO,519,521,"{""confidence"": 0.6860912404894375}"
864,ADJACENT_TO,522,519,"{""confidence"": 0.646}"
865,ADJACENT_TO,523,519,"{""confidence"": 0.6080000000000001}"
866,ADJACENT_TO,522,520,"{""confidence"": 0.646}"
867,ADJACENT_TO,523,520,"{""confidence"": 0.6080000000000001}"
868,ADJACENT_TO,522,521,"{""confidence"": 0.646}"
869,ADJACENT_TO,523,521,"{""confidence"": 0.6080000000000001}"
870,CONTAINS,522,523,"{""confidence"": 0.611999999999979}"
871,ADJACENT_TO,524,526,"{""confidence"": 0.44607180104821753}"
872,ADJACENT_TO,527,524,"{""confidence"": 0.646}"
873,ADJACENT_TO,528,524,"{""confidence"": 0.6080000000000001}"
874,ADJACENT_TO,525,526,"{""confidence"": 0.6731296312958706}"
875,ADJACENT_TO,527,525,"{""confidence"": 0.646}"
876,ADJACENT_TO,528,525,"{""confidence"": 0.6080000000000001}"
877,ADJACENT_TO,527,526,"{""confidence"": 0.646}"
878,ADJACENT_TO,528,526,"{""confidence"": 0.6080000000000001}"
879,CONTAINS,527,528,"{""confidence"": 0.6119999999999846}"
880,ADJACENT_TO,530,531,"{""confidence"": 0.6872802438446969}"
881,ADJACENT_TO,530,532,"{""confidence"": 0.7139877485795455}"
882,ADJACENT_TO,530,533,"{""confidence"": 0.46773510094026577}"
883,ADJACENT_TO,530,534,"{""confidence"": 0.6248435654527559}"
884,ADJACENT_TO,530,535,"{""confidence"": 0.5753687085176994}"
885,ADJACENT_TO,530,536,"{""confidence"": 0.5445082609062017}"
886,ADJACENT_TO,530,537,"{""confidence"": 0.3265341222426472}"
887,ADJACENT_TO,538,530,"{""confidence"": 0.646}"
888,ADJACENT_TO,539,530,"{""confidence"": 0.6080000000000001}"
889,ADJACENT_TO,531,532,"{""confidence"": 0.5564134706439393}"
890,ADJACENT_TO,531,533,"{""confidence"": 0.3101608230046596}"
891,ADJACENT_TO,531,534,"{""confidence"": 0.4672692875171497}"
892,ADJACENT_TO,531,535,"{""confidence"": 0.4177944305820932}"
893,ADJACENT_TO,531,536,"{""confidence"": 0.694387156121597}"
894,ADJACENT_TO,532,536,"{""confidence"": 0.3976169848645348}"
895,ADJACENT_TO,532,537,"{""confidence"": 0.6203166743259803}"
896,ADJACENT_TO,538,532,"{""confidence"": 0.646}"
897,ADJACENT_TO,539,532,"{""confidence"": 0.6080000000000001}"
898,ADJACENT_TO,533,536,"{""confidence"": 0.6186098692135711}"
899,ADJACENT_TO,534,535,"{""confidence"": 0.48075480013370214}"
900,ADJACENT_TO,534,537,"{""confidence"": 0.586080597390285}"
901,ADJACENT_TO,538,534,"{""confidence"": 0.646}"
902,ADJACENT_TO,539,534,"{""confidence"": 0.6080000000000001}"
903,ADJACENT_TO,535,537,"{""confidence"": 0.7009118877293726}"
904,ADJACENT_TO,538,535,"{""confidence"": 0.646}"
905,ADJACENT_TO,539,535,"{""confidence"": 0.6080000000000001}"
906,ADJACENT_TO,536,537,"{""confidence"": 0.47740889051595253}"
907,ADJACENT_TO,538,536,"{""confidence"": 0.646}"
908,ADJACENT_TO,539,536,"{""confidence"": 0.6080000000000001}"
909,ADJACENT_TO,538,537,"{""confidence"": 0.646}"
910,ADJACENT_TO,539,537,"{""confidence"": 0.6080000000000001}"
911,CONTAINS,538,539,"{""confidence"": 0.6119999999999952}"
912,ADJACENT_TO,540,541,"{""confidence"": 0.37193559405439003}"
913,ADJACENT_TO,543,540,"{""confidence"": 0.646}"
914,ADJACENT_TO,544,540,"{""confidence"": 0.6080000000000001}"
915,ADJACENT_TO,543,541,"{""confidence"": 0.6449668562661917}"
916,ADJACENT_TO,544,541,"{""confidence"": 0.4246276294270039}"
917,ADJACENT_TO,543,542,"{""confidence"": 0.5000462420216224}"
918,CONTAINS,543,544,"{""confidence"": 0.6119999999999776}"
919,ADJACENT_TO,545,546,"{""confidence"": 0.7202938218390805}"
920,ADJACENT_TO,548,545,"{""confidence"": 0.646}"
921,ADJACENT_TO,549,545,"{""confidence"": 0.6080000000000001}"
922,ADJACENT_TO,548,546,"{""confidence"": 0.646}"
923,ADJACENT_TO,549,546,"{""confidence"": 0.6080000000000001}"
924,ADJACENT_TO,548,547,"{""confidence"": 0.646}"
925,ADJACENT_TO,549,547,"{""confidence"": 0.6080000000000001}"
926,CONTAINS,548,549,"{""confidence"": 0.6119999999999913}"
927,ADJACENT_TO,550,551,"{""confidence"": 0.5702900683421527}"
928,ADJACENT_TO,553,550,"{""confidence"": 0.646}"
929,ADJACENT_TO,554,550,"{""confidence"": 0.6080000000000001}"
930,ADJACENT_TO,551,552,"{""confidence"": 0.6772331349206349}"
931,ADJACENT_TO,553,551,"{""confidence"": 0.646}"
932,ADJACENT_TO,554,551,"{""confidence"": 0.6080000000000001}"
933,ADJACENT_TO,553,552,"{""confidence"": 0.646}"
934,ADJACENT_TO,554,552,"{""confidence"": 0.6080000000000001}"
935,CONTAINS,553,554,"{""confidence"": 0.6119999999999962}"
936,ADJACENT_TO,557,555,"{""confidence"": 0.646}"
937,ADJACENT_TO,558,555,"{""confidence"": 0.6080000000000001}"
938,ADJACENT_TO,557,556,"{""confidence"": 0.646}"
939,ADJACENT_TO,558,556,"{""confidence"": 0.6080000000000001}"
940,CONTAINS,557,558,"{""confidence"": 0.6119999999999952}"
941,ADJACENT_TO,559,560,"{""confidence"": 0.7076746031746031}"
942,ADJACENT_TO,559,561,"{""confidence"": 0.5393511904761904}"
943,ADJACENT_TO,562,559,"{""confidence"": 0.646}"
944,ADJACENT_TO,563,559,"{""confidence"": 0.6080000000000001}"
945,ADJACENT_TO,560,561,"{""confidence"": 0.5680019841269841}"
946,ADJACENT_TO,562,560,"{""confidence"": 0.646}"
947,ADJACENT_TO,563,560,"{""confidence"": 0.6080000000000001}"
948,ADJACENT_TO,562,561,"{""confidence"": 0.646}"
949,ADJACENT_TO,563,561,"{""confidence"": 0.6080000000000001}"
950,CONTAINS,562,563,"{""confidence"": 0.6119999999999961}"
951,ADJACENT_TO,564,565,"{""confidence"": 0.48049208283322625}"
952,ADJACENT_TO,564,566,"{""confidence"": 0.7164475206103113}"
953,ADJACENT_TO,564,567,"{""confidence"": 0.7164546028544307}"
954,ADJACENT_TO,569,564,"{""confidence"": 0.646}"
955,ADJACENT_TO,570,564,"{""confidence"": 0.6080000000000001}"
956,ADJACENT_TO,565,566,"{""confidence"": 0.3226188020783826}"
957,ADJACENT_TO,565,567,"{""confidence"": 0.5645801609851242}"
958,ADJACENT_TO,565,568,"{""confidence"": 0.6221043367809839}"
959,ADJACENT_TO,569,565,"{""confidence"": 0.646}"
960,ADJACENT_TO,570,565,"{""confidence"": 0.6080000000000001}"
961,ADJACENT_TO,566,567,"{""confidence"": 0.5006019665802831}"
962,ADJACENT_TO,566,568,"{""confidence"": 0.5581261423761428}"
963,ADJACENT_TO,569,566,"{""confidence"": 0.646}"
964,ADJACENT_TO,570,566,"{""confidence"": 0.6080000000000001}"
965,ADJACENT_TO,569,567,"{""confidence"": 0.646}"
966,ADJACENT_TO,570,567,"{""confidence"": 0.6080000000000001}"
967,ADJACENT_TO,569,568,"{""confidence"": 0.646}"
968,ADJACENT_TO,570,568,"{""confidence"": 0.6080000000000001}"
969,CONTAINS,569,570,"{""confidence"": 0.6119999999999962}"
970,ADJACENT_TO,571,573,"{""confidence"": 0.33176480789344137}"
971,ADJACENT_TO,575,571,"{""confidence"": 0.646}"
972,ADJACENT_TO,576,571,"{""confidence"": 0.6080000000000001}"
973,ADJACENT_TO,572,574,"{""confidence"": 0.38127441578483234}"
974,ADJACENT_TO,575,572,"{""confidence"": 0.646}"
975,ADJACENT_TO,576,572,"{""confidence"": 0.6080000000000001}"
976,ADJACENT_TO,575,573,"{""confidence"": 0.3807023247162232}"
977,ADJACENT_TO,575,574,"{""confidence"": 0.564169303036945}"
978,ADJACENT_TO,576,574,"{""confidence"": 0.3485828734465366}"
979,CONTAINS,575,576,"{""confidence"": 0.6119999999999961}"
980,ADJACENT_TO,581,582,"{""confidence"": 0.702526942849638}"
981,ADJACENT_TO,584,581,"{""confidence"": 0.646}"
982,ADJACENT_TO,585,581,"{""confidence"": 0.6080000000000001}"
983,ADJACENT_TO,584,582,"{""confidence"": 0.646}"
984,ADJACENT_TO,585,582,"{""confidence"": 0.5587077042888741}"
985,ADJACENT_TO,584,583,"{""confidence"": 0.5832039739914652}"
986,ADJACENT_TO,585,583,"{""confidence"": 0.41209785787432013}"
987,CONTAINS,584,585,"{""confidence"": 0.611999999999985}"
988,ADJACENT_TO,586,588,"{""confidence"": 0.5184127906976743}"
989,ADJACENT_TO,586,589,"{""confidence"": 0.4848313953488373}"
990,ADJACENT_TO,586,590,"{""confidence"": 0.507918604651163}"
991,ADJACENT_TO,586,591,"{""confidence"": 0.5058197674418607}"
992,ADJACENT_TO,586,592,"{""confidence"": 0.5415}"
993,ADJACENT_TO,594,586,"{""confidence"": 0.35222492732558114}"
994,ADJACENT_TO,587,588,"{""confidence"": 0.5184127906976743}"
995,ADJACENT_TO,587,589,"{""confidence"": 0.4848313953488373}"
996,ADJACENT_TO,587,590,"{""confidence"": 0.6674302325581396}"
997,ADJACENT_TO,587,591,"{""confidence"": 0.5058197674418607}"
998,ADJACENT_TO,587,592,"{""confidence"": 0.5415}"
999,ADJACENT_TO,594,587,"{""confidence"": 0.646}"
1000,ADJACENT_TO,595,587,"{""confidence"": 0.6080000000000001}"
1001,ADJACENT_TO,588,590,"{""confidence"": 0.6716279069767441}"
1002,ADJACENT_TO,588,593,"{""confidence"": 0.5729825581395347}"
1003,ADJACENT_TO,594,588,"{""confidence"": 0.646}"
1004,ADJACENT_TO,595,588,"{""confidence"": 0.6080000000000001}"
1005,ADJACENT_TO,589,590,"{""confidence"": 0.43026162790697653}"
1006,ADJACENT_TO,589,593,"{""confidence"": 0.5394011627906977}"
1007,ADJACENT_TO,594,589,"{""confidence"": 0.646}"
1008,ADJACENT_TO,595,589,"{""confidence"": 0.6080000000000001}"
1009,ADJACENT_TO,590,593,"{""confidence"": 0.5624883720930234}"
1010,ADJACENT_TO,594,590,"{""confidence"": 0.646}"
1011,ADJACENT_TO,595,590,"{""confidence"": 0.6080000000000001}"
1012,ADJACENT_TO,591,593,"{""confidence"": 0.5603895348837211}"
1013,ADJACENT_TO,594,591,"{""confidence"": 0.646}"
1014,ADJACENT_TO,595,591,"{""confidence"": 0.6080000000000001}"
1015,ADJACENT_TO,592,593,"{""confidence"": 0.5960697674418605}"
1016,ADJACENT_TO,594,592,"{""confidence"": 0.4029284156976742}"
1017,ADJACENT_TO,594,593,"{""confidence"": 0.4965890261627907}"
1018,ADJACENT_TO,595,593,"{""confidence"": 0.3305779069767443}"
1019,CONTAINS,594,595,"{""confidence"": 0.6119999999999962}"
1020,ADJACENT_TO,596,597,"{""confidence"": 0.6868900137527275}"
1021,ADJACENT_TO,599,596,"{""confidence"": 0.646}"
1022,ADJACENT_TO,600,596,"{""confidence"": 0.6080000000000001}"
1023,ADJACENT_TO,597,598,"{""confidence"": 0.3699902727722683}"
1024,ADJACENT_TO,599,597,"{""confidence"": 0.646}"
1025,ADJACENT_TO,600,597,"{""confidence"": 0.6080000000000001}"
1026,ADJACENT_TO,599,598,"{""confidence"": 0.646}"
1027,ADJACENT_TO,600,598,"{""confidence"": 0.6080000000000001}"
1028,CONTAINS,599,600,"{""confidence"": 0.611999999999979}"
1029,ADJACENT_TO,601,602,"{""confidence"": 0.6430711419236381}"
1030,ADJACENT_TO,603,601,"{""confidence"": 0.646}"
1031,ADJACENT_TO,604,601,"{""confidence"": 0.6080000000000001}"
1032,ADJACENT_TO,603,602,"{""confidence"": 0.646}"
1033,ADJACENT_TO,604,602,"{""confidence"": 0.6080000000000001}"
1034,CONTAINS,603,604,"{""confidence"": 0.6119999999999775}"
1035,ADJACENT_TO,605,606,"{""confidence"": 0.514877906976744}"
1036,ADJACENT_TO,608,605,"{""confidence"": 0.646}"
1037,ADJACENT_TO,609,605,"{""confidence"": 0.6080000000000001}"
1038,ADJACENT_TO,608,606,"{""confidence"": 0.646}"
1039,ADJACENT_TO,609,606,"{""confidence"": 0.6080000000000001}"
1040,ADJACENT_TO,608,607,"{""confidence"": 0.646}"
1041,ADJACENT_TO,609,607,"{""confidence"": 0.6080000000000001}"
1042,CONTAINS,608,609,"{""confidence"": 0.6119999999999954}"
1043,ADJACENT_TO,610,611,"{""confidence"": 0.3587352320675107}"
1044,ADJACENT_TO,614,611,"{""confidence"": 0.646}"
1045,ADJACENT_TO,615,611,"{""confidence"": 0.6080000000000001}"
1046,ADJACENT_TO,612,613,"{""confidence"": 0.6468417721518988}"
1047,ADJACENT_TO,614,612,"{""confidence"": 0.5450535337552741}"
1048,ADJACENT_TO,615,612,"{""confidence"": 0.37619156118143443}"
1049,CONTAINS,614,615,"{""confidence"": 0.6119999999999954}"
1050,ADJACENT_TO,616,618,"{""confidence"": 0.5863449777983352}"
1051,ADJACENT_TO,616,620,"{""confidence"": 0.3104029511244383}"
1052,ADJACENT_TO,622,616,"{""confidence"": 0.646}"
1053,ADJACENT_TO,623,616,"{""confidence"": 0.6080000000000001}"
1054,ADJACENT_TO,617,618,"{""confidence"": 0.3563676978411531}"
1055,ADJACENT_TO,617,619,"{""confidence"": 0.5838082637509875}"
1056,ADJACENT_TO,617,621,"{""confidence"": 0.5291073681524193}"
1057,ADJACENT_TO,622,617,"{""confidence"": 0.45116582588921156}"
1058,ADJACENT_TO,618,619,"{""confidence"": 0.508954406616105}"
1059,ADJACENT_TO,618,620,"{""confidence"": 0.3333357417996508}"
1060,ADJACENT_TO,622,618,"{""confidence"": 0.38419132213694834}"
1061,ADJACENT_TO,619,621,"{""confidence"": 0.45137451651234933}"
1062,ADJACENT_TO,622,619,"{""confidence"": 0.646}"
1063,ADJACENT_TO,623,619,"{""confidence"": 0.6080000000000001}"
1064,ADJACENT_TO,620,621,"{""confidence"": 0.506075412110917}"
1065,ADJACENT_TO,622,620,"{""confidence"": 0.646}"
1066,ADJACENT_TO,623,620,"{""confidence"": 0.6080000000000001}"
1067,CONTAINS,622,623,"{""confidence"": 0.6119999999999776}"
1068,ADJACENT_TO,628,625,"{""confidence"": 0.646}"
1069,ADJACENT_TO,629,625,"{""confidence"": 0.6080000000000001}"
1070,ADJACENT_TO,628,626,"{""confidence"": 0.646}"
1071,ADJACENT_TO,629,626,"{""confidence"": 0.6080000000000001}"
1072,CONTAINS,628,629,"{""confidence"": 0.6119999999999776}"
1073,ADJACENT_TO,630,631,"{""confidence"": 0.3851576428930305}"
1074,ADJACENT_TO,634,630,"{""confidence"": 0.5675574004513879}"
1075,ADJACENT_TO,635,630,"{""confidence"": 0.35177167101307094}"
1076,ADJACENT_TO,631,632,"{""confidence"": 0.3909156319034059}"
1077,ADJACENT_TO,631,633,"{""confidence"": 0.4139475879449081}"
1078,ADJACENT_TO,634,631,"{""confidence"": 0.3692098316466091}"
1079,ADJACENT_TO,634,632,"{""confidence"": 0.646}"
1080,ADJACENT_TO,635,632,"{""confidence"": 0.6080000000000001}"
1081,CONTAINS,634,635,"{""confidence"": 0.6119999999999776}"
1082,ADJACENT_TO,638,636,"{""confidence"": 0.646}"
1083,ADJACENT_TO,639,636,"{""confidence"": 0.6080000000000001}"
1084,ADJACENT_TO,638,637,"{""confidence"": 0.646}"
1085,ADJACENT_TO,639,637,"{""confidence"": 0.46238567042291695}"
1086,CONTAINS,638,639,"{""confidence"": 0.6119999999999776}"
1087,ADJACENT_TO,640,641,"{""confidence"": 0.3825179398148148}"
1088,ADJACENT_TO,640,642,"{""confidence"": 0.5098616687863373}"
1089,ADJACENT_TO,640,643,"{""confidence"": 0.6574361600654072}"
1090,ADJACENT_TO,644,640,"{""confidence"": 0.646}"
1091,ADJACENT_TO,645,640,"{""confidence"": 0.6080000000000001}"
1092,ADJACENT_TO,641,642,"{""confidence"": 0.6485923183812448}"
1093,ADJACENT_TO,641,643,"{""confidence"": 0.6354594032622739}"
1094,ADJACENT_TO,644,641,"{""confidence"": 0.646}"
1095,ADJACENT_TO,645,641,"{""confidence"": 0.6080000000000001}"
1096,ADJACENT_TO,642,643,"{""confidence"": 0.4774089450096894}"
1097,ADJACENT_TO,644,642,"{""confidence"": 0.646}"
1098,ADJACENT_TO,645,642,"{""confidence"": 0.6080000000000001}"
1099,ADJACENT_TO,644,643,"{""confidence"": 0.646}"
1100,ADJACENT_TO,645,643,"{""confidence"": 0.6080000000000001}"
1101,CONTAINS,644,645,"{""confidence"": 0.6119999999999952}"
1102,ADJACENT_TO,646,647,"{""confidence"": 0.6631183036852035}"
1103,ADJACENT_TO,648,646,"{""confidence"": 0.35800168204291727}"
1104,ADJACENT_TO,648,647,"{""confidence"": 0.32013532799836997}"
1105,CONTAINS,648,649,"{""confidence"": 0.6119999999999776}"
1106,ADJACENT_TO,650,651,"{""confidence"": 0.5970245875197684}"
1107,ADJACENT_TO,652,650,"{""confidence"": 0.646}"
1108,ADJACENT_TO,653,650,"{""confidence"": 0.6080000000000001}"
1109,ADJACENT_TO,652,651,"{""confidence"": 0.646}"
1110,ADJACENT_TO,653,651,"{""confidence"": 0.6080000000000001}"
1111,CONTAINS,652,653,"{""confidence"": 0.6119999999999776}"
1112,ADJACENT_TO,654,655,"{""confidence"": 0.6212351923184277}"
1113,ADJACENT_TO,657,654,"{""confidence"": 0.646}"
1114,ADJACENT_TO,658,654,"{""confidence"": 0.6080000000000001}"
1115,ADJACENT_TO,655,656,"{""confidence"": 0.4542535110175369}"
1116,ADJACENT_TO,657,655,"{""confidence"": 0.646}"
1117,ADJACENT_TO,658,655,"{""confidence"": 0.6080000000000001}"
1118,ADJACENT_TO,657,656,"{""confidence"": 0.646}"
1119,ADJACENT_TO,658,656,"{""confidence"": 0.45713276816783743}"
1120,CONTAINS,657,658,"{""confidence"": 0.6119999999999776}"
1121,ADJACENT_TO,660,661,"{""confidence"": 0.39018574597251354}"
1122,ADJACENT_TO,662,660,"{""confidence"": 0.646}"
1123,ADJACENT_TO,663,660,"{""confidence"": 0.6080000000000001}"
1124,ADJACENT_TO,662,661,"{""confidence"": 0.646}"
1125,ADJACENT_TO,663,661,"{""confidence"": 0.6080000000000001}"
1126,CONTAINS,662,663,"{""confidence"": 0.6119999999999776}"
1127,ADJACENT_TO,664,666,"{""confidence"": 0.45670280485030884}"
1128,ADJACENT_TO,664,667,"{""confidence"": 0.5356603034067645}"
1129,ADJACENT_TO,665,666,"{""confidence"": 0.5198688036954732}"
1130,ADJACENT_TO,665,667,"{""confidence"": 0.6525174012703191}"
1131,ADJACENT_TO,666,667,"{""confidence"": 0.7188417000577416}"
1132,ADJACENT_TO,668,666,"{""confidence"": 0.646}"
1133,ADJACENT_TO,669,666,"{""confidence"": 0.6080000000000001}"
1134,ADJACENT_TO,668,667,"{""confidence"": 0.646}"
1135,ADJACENT_TO,669,667,"{""confidence"": 0.6080000000000001}"
1136,CONTAINS,668,669,"{""confidence"": 0.611999999999977}"
1137,ADJACENT_TO,670,671,"{""confidence"": 0.35148158914728667}"
1138,ADJACENT_TO,670,673,"{""confidence"": 0.6644660852713178}"
1139,ADJACENT_TO,670,674,"{""confidence"": 0.49876841085271295}"
1140,ADJACENT_TO,670,675,"{""confidence"": 0.4090155038759686}"
1141,ADJACENT_TO,670,676,"{""confidence"": 0.3215639534883718}"
1142,ADJACENT_TO,671,672,"{""confidence"": 0.7127945736434111}"
1143,ADJACENT_TO,671,674,"{""confidence"": 0.6184389534883722}"
1144,ADJACENT_TO,671,675,"{""confidence"": 0.5286860465116278}"
1145,ADJACENT_TO,671,676,"{""confidence"": 0.44123449612403093}"
1146,ADJACENT_TO,677,671,"{""confidence"": 0.646}"
1147,ADJACENT_TO,678,671,"{""confidence"": 0.6080000000000001}"
1148,ADJACENT_TO,672,673,"{""confidence"": 0.7173972868217051}"
1149,ADJACENT_TO,672,674,"{""confidence"": 0.6253430232558138}"
1150,ADJACENT_TO,672,675,"{""confidence"": 0.5355901162790693}"
1151,ADJACENT_TO,672,676,"{""confidence"": 0.4481385658914726}"
1152,ADJACENT_TO,677,672,"{""confidence"": 0.646}"
1153,ADJACENT_TO,678,672,"{""confidence"": 0.6080000000000001}"
1154,ADJACENT_TO,673,674,"{""confidence"": 0.7104932170542635}"
1155,ADJACENT_TO,673,676,"{""confidence"": 0.6713701550387595}"
1156,ADJACENT_TO,677,673,"{""confidence"": 0.646}"
1157,ADJACENT_TO,678,673,"{""confidence"": 0.6080000000000001}"
1158,ADJACENT_TO,674,675,"{""confidence"": 0.7104932170542626}"
1159,ADJACENT_TO,674,676,"{""confidence"": 0.7196986434108523}"
1160,ADJACENT_TO,677,674,"{""confidence"": 0.646}"
1161,ADJACENT_TO,678,674,"{""confidence"": 0.6080000000000001}"
1162,ADJACENT_TO,675,676,"{""confidence"": 0.7104932170542635}"
1163,ADJACENT_TO,677,675,"{""confidence"": 0.646}"
1164,ADJACENT_TO,678,675,"{""confidence"": 0.6080000000000001}"
1165,ADJACENT_TO,677,676,"{""confidence"": 0.516802117940198}"
1166,ADJACENT_TO,678,676,"{""confidence"": 0.34960199335548064}"
1167,CONTAINS,677,678,"{""confidence"": 0.6119999999999954}"
1168,ADJACENT_TO,683,681,"{""confidence"": 0.5006464178048482}"
1169,ADJACENT_TO,683,682,"{""confidence"": 0.487801502707026}"
1170,CONTAINS,683,684,"{""confidence"": 0.6119999999999961}"
1171,ADJACENT_TO,685,686,"{""confidence"": 0.499621722846442}"
1172,ADJACENT_TO,687,685,"{""confidence"": 0.646}"
1173,ADJACENT_TO,688,685,"{""confidence"": 0.6080000000000001}"
1174,ADJACENT_TO,687,686,"{""confidence"": 0.646}"
1175,ADJACENT_TO,688,686,"{""confidence"": 0.6080000000000001}"
1176,CONTAINS,687,688,"{""confidence"": 0.6119999999999954}"
1177,ADJACENT_TO,689,691,"{""confidence"": 0.41193055555555586}"
1178,ADJACENT_TO,689,692,"{""confidence"": 0.7022083333333334}"
1179,ADJACENT_TO,693,689,"{""confidence"": 0.646}"
1180,ADJACENT_TO,694,689,"{""confidence"": 0.6080000000000001}"
1181,ADJACENT_TO,690,691,"{""confidence"": 0.5966527777777775}"
1182,ADJACENT_TO,693,690,"{""confidence"": 0.48129774305555495}"
1183,ADJACENT_TO,693,691,"{""confidence"": 0.646}"
1184,ADJACENT_TO,694,691,"{""confidence"": 0.6080000000000001}"
1185,ADJACENT_TO,693,692,"{""confidence"": 0.646}"
1186,ADJACENT_TO,694,692,"{""confidence"": 0.5007916666666663}"
1187,CONTAINS,693,694,"{""confidence"": 0.6119999999999913}"
1188,ADJACENT_TO,697,695,"{""confidence"": 0.646}"
1189,ADJACENT_TO,698,695,"{""confidence"": 0.6080000000000001}"
1190,ADJACENT_TO,697,696,"{""confidence"": 0.646}"
1191,ADJACENT_TO,698,696,"{""confidence"": 0.6080000000000001}"
1192,CONTAINS,697,698,"{""confidence"": 0.6119999999999776}"
1193,ADJACENT_TO,704,702,"{""confidence"": 0.646}"
1194,ADJACENT_TO,705,702,"{""confidence"": 0.6080000000000001}"
1195,ADJACENT_TO,704,703,"{""confidence"": 0.646}"
1196,ADJACENT_TO,705,703,"{""confidence"": 0.6080000000000001}"
1197,CONTAINS,704,705,"{""confidence"": 0.6119999999999952}"
1198,ADJACENT_TO,708,706,"{""confidence"": 0.6422143669099584}"
1199,ADJACENT_TO,709,706,"{""confidence"": 0.42203705120937257}"
1200,ADJACENT_TO,708,707,"{""confidence"": 0.5383347638534581}"
1201,ADJACENT_TO,709,707,"{""confidence"": 0.3242680130385486}"
1202,CONTAINS,708,709,"{""confidence"": 0.6119999999999685}"
1203,ADJACENT_TO,710,711,"{""confidence"": 0.43014676616915426}"
1204,ADJACENT_TO,713,710,"{""confidence"": 0.646}"
1205,ADJACENT_TO,714,710,"{""confidence"": 0.6080000000000001}"
1206,ADJACENT_TO,713,711,"{""confidence"": 0.646}"
1207,ADJACENT_TO,714,711,"{""confidence"": 0.6080000000000001}"
1208,ADJACENT_TO,713,712,"{""confidence"": 0.646}"
1209,ADJACENT_TO,714,712,"{""confidence"": 0.6080000000000001}"
1210,CONTAINS,713,714,"{""confidence"": 0.6119999999999685}"
1211,ADJACENT_TO,715,716,"{""confidence"": 0.6766664657424152}"
1212,ADJACENT_TO,717,715,"{""confidence"": 0.646}"
1213,ADJACENT_TO,718,715,"{""confidence"": 0.6080000000000001}"
1214,ADJACENT_TO,717,716,"{""confidence"": 0.646}"
1215,ADJACENT_TO,718,716,"{""confidence"": 0.6080000000000001}"
1216,CONTAINS,717,718,"{""confidence"": 0.6119999999999962}"
1217,ADJACENT_TO,720,721,"{""confidence"": 0.6960063364055299}"
1218,ADJACENT_TO,723,720,"{""confidence"": 0.646}"
1219,ADJACENT_TO,724,720,"{""confidence"": 0.6080000000000001}"
1220,ADJACENT_TO,723,721,"{""confidence"": 0.646}"
1221,ADJACENT_TO,724,721,"{""confidence"": 0.6080000000000001}"
1222,ADJACENT_TO,723,722,"{""confidence"": 0.646}"
1223,ADJACENT_TO,724,722,"{""confidence"": 0.6080000000000001}"
1224,CONTAINS,723,724,"{""confidence"": 0.6119999999999962}"
1225,ADJACENT_TO,726,727,"{""confidence"": 0.6908578329882679}"
1226,ADJACENT_TO,731,726,"{""confidence"": 0.646}"
1227,ADJACENT_TO,732,726,"{""confidence"": 0.6080000000000001}"
1228,ADJACENT_TO,727,728,"{""confidence"": 0.6545253048079132}"
1229,ADJACENT_TO,731,727,"{""confidence"": 0.646}"
1230,ADJACENT_TO,732,727,"{""confidence"": 0.6080000000000001}"
1231,ADJACENT_TO,728,729,"{""confidence"": 0.6934530135725787}"
1232,ADJACENT_TO,731,728,"{""confidence"": 0.646}"
1233,ADJACENT_TO,732,728,"{""confidence"": 0.6080000000000001}"
1234,ADJACENT_TO,729,730,"{""confidence"": 0.6986433747412008}"
1235,ADJACENT_TO,731,729,"{""confidence"": 0.646}"
1236,ADJACENT_TO,732,729,"{""confidence"": 0.6080000000000001}"
1237,ADJACENT_TO,731,730,"{""confidence"": 0.646}"
1238,ADJACENT_TO,732,730,"{""confidence"": 0.6080000000000001}"
1239,CONTAINS,731,732,"{""confidence"": 0.611999999999985}"
1240,ADJACENT_TO,735,733,"{""confidence"": 0.5174030032467533}"
1241,ADJACENT_TO,736,733,"{""confidence"": 0.3501675324675325}"
1242,ADJACENT_TO,735,734,"{""confidence"": 0.532696563852814}"
1243,ADJACENT_TO,736,734,"{""confidence"": 0.3645614718614725}"
1244,CONTAINS,735,736,"{""confidence"": 0.611999999999985}"
1245,ADJACENT_TO,740,737,"{""confidence"": 0.646}"
1246,ADJACENT_TO,741,737,"{""confidence"": 0.6080000000000001}"
1247,ADJACENT_TO,738,739,"{""confidence"": 0.4401889149102262}"
1248,ADJACENT_TO,740,738,"{""confidence"": 0.646}"
1249,ADJACENT_TO,741,738,"{""confidence"": 0.6080000000000001}"
1250,ADJACENT_TO,740,739,"{""confidence"": 0.646}"
1251,ADJACENT_TO,741,739,"{""confidence"": 0.6080000000000001}"
1252,CONTAINS,740,741,"{""confidence"": 0.611999999999985}"
1253,ADJACENT_TO,744,745,"{""confidence"": 0.45616789396170904}"
1254,ADJACENT_TO,747,744,"{""confidence"": 0.646}"
1255,ADJACENT_TO,748,744,"{""confidence"": 0.6080000000000001}"
1256,ADJACENT_TO,747,745,"{""confidence"": 0.646}"
1257,ADJACENT_TO,748,745,"{""confidence"": 0.6080000000000001}"
1258,ADJACENT_TO,747,746,"{""confidence"": 0.646}"
1259,ADJACENT_TO,748,746,"{""confidence"": 0.6080000000000001}"
1260,CONTAINS,747,748,"{""confidence"": 0.611999999999985}"
1261,ADJACENT_TO,749,751,"{""confidence"": 0.6339340359094456}"
1262,ADJACENT_TO,752,749,"{""confidence"": 0.646}"
1263,ADJACENT_TO,753,749,"{""confidence"": 0.6080000000000001}"
1264,ADJACENT_TO,750,751,"{""confidence"": 0.5634812646370029}"
1265,ADJACENT_TO,752,750,"{""confidence"": 0.646}"
1266,ADJACENT_TO,753,750,"{""confidence"": 0.6080000000000001}"
1267,ADJACENT_TO,752,751,"{""confidence"": 0.646}"
1268,ADJACENT_TO,753,751,"{""confidence"": 0.6080000000000001}"
1269,CONTAINS,752,753,"{""confidence"": 0.611999999999985}"
1270,ADJACENT_TO,754,755,"{""confidence"": 0.46822227478187695}"
1271,ADJACENT_TO,758,754,"{""confidence"": 0.646}"
1272,ADJACENT_TO,759,754,"{""confidence"": 0.6080000000000001}"
1273,ADJACENT_TO,755,756,"{""confidence"": 0.6318733312309471}"
1274,ADJACENT_TO,758,755,"{""confidence"": 0.646}"
1275,ADJACENT_TO,759,755,"{""confidence"": 0.6080000000000001}"
1276,ADJACENT_TO,758,756,"{""confidence"": 0.646}"
1277,ADJACENT_TO,759,756,"{""confidence"": 0.6080000000000001}"
1278,ADJACENT_TO,758,757,"{""confidence"": 0.566009847305724}"
1279,ADJACENT_TO,759,757,"{""confidence"": 0.39591515040538733}"
1280,CONTAINS,758,759,"{""confidence"": 0.611999999999985}"
1281,ADJACENT_TO,760,763,"{""confidence"": 0.6439867690986418}"
1282,ADJACENT_TO,760,764,"{""confidence"": 0.623690019926856}"
1283,ADJACENT_TO,765,760,"{""confidence"": 0.5542589690687582}"
1284,ADJACENT_TO,766,760,"{""confidence"": 0.38485550030000765}"
1285,ADJACENT_TO,761,762,"{""confidence"": 0.4674221648498755}"
1286,ADJACENT_TO,765,761,"{""confidence"": 0.646}"
1287,ADJACENT_TO,766,761,"{""confidence"": 0.6080000000000001}"
1288,ADJACENT_TO,765,762,"{""confidence"": 0.646}"
1289,ADJACENT_TO,766,762,"{""confidence"": 0.6080000000000001}"
1290,ADJACENT_TO,763,764,"{""confidence"": 0.7174568008712351}"
1291,ADJACENT_TO,765,763,"{""confidence"": 0.646}"
1292,ADJACENT_TO,766,763,"{""confidence"": 0.6080000000000001}"
1293,ADJACENT_TO,765,764,"{""confidence"": 0.646}"
1294,ADJACENT_TO,766,764,"{""confidence"": 0.6080000000000001}"
1295,CONTAINS,765,766,"{""confidence"": 0.611999999999985}"
1296,ADJACENT_TO,770,768,"{""confidence"": 0.646}"
1297,ADJACENT_TO,771,768,"{""confidence"": 0.6080000000000001}"
1298,CONTAINS,770,771,"{""confidence"": 0.6119999999999775}"
1299,ADJACENT_TO,776,772,"{""confidence"": 0.646}"
1300,ADJACENT_TO,777,772,"{""confidence"": 0.6080000000000001}"
1301,ADJACENT_TO,776,773,"{""confidence"": 0.646}"
1302,ADJACENT_TO,777,773,"{""confidence"": 0.6080000000000001}"
1303,ADJACENT_TO,776,774,"{""confidence"": 0.646}"
1304,ADJACENT_TO,777,774,"{""confidence"": 0.6080000000000001}"
1305,ADJACENT_TO,776,775,"{""confidence"": 0.646}"
1306,ADJACENT_TO,777,775,"{""confidence"": 0.6080000000000001}"
1307,CONTAINS,776,777,"{""confidence"": 0.6119999999997496}"
1308,ADJACENT_TO,778,779,"{""confidence"": 0.6399545454545452}"
1309,ADJACENT_TO,778,780,"{""confidence"": 0.5074861169837918}"
1310,ADJACENT_TO,781,778,"{""confidence"": 0.646}"
1311,ADJACENT_TO,782,778,"{""confidence"": 0.6080000000000001}"
1312,ADJACENT_TO,781,779,"{""confidence"": 0.646}"
1313,ADJACENT_TO,782,779,"{""confidence"": 0.6080000000000001}"
1314,ADJACENT_TO,781,780,"{""confidence"": 0.646}"
1315,ADJACENT_TO,782,780,"{""confidence"": 0.5560253073369344}"
1316,CONTAINS,781,782,"{""confidence"": 0.6119999999999962}"
1317,ADJACENT_TO,784,785,"{""confidence"": 0.7109551025626974}"
1318,ADJACENT_TO,786,784,"{""confidence"": 0.646}"
1319,ADJACENT_TO,787,784,"{""confidence"": 0.5603706540997679}"
1320,ADJACENT_TO,786,785,"{""confidence"": 0.646}"
1321,ADJACENT_TO,787,785,"{""confidence"": 0.5324156976637989}"
1322,CONTAINS,786,787,"{""confidence"": 0.6119999999999961}"
