关系ID,关系类型,起始节点ID,结束节点ID,关系属性
0,MENTIONS,969,38,{}
1,MENTIONS,969,39,{}
2,MENTIONS,969,40,{}
3,MENTIONS,970,1100,{}
4,MENTIONS,970,1103,{}
5,MENTIONS,971,41,{}
6,MENTIONS,971,42,{}
7,MENTIONS,972,1130,{}
8,MENTIONS,972,43,{}
9,MENTIONS,973,35,{}
10,MENTIONS,973,36,{}
11,MENTIONS,973,37,{}
12,MENTIONS,973,38,{}
13,MENTIONS,974,1109,{}
14,MENTIONS,974,44,{}
15,MENTIONS,974,45,{}
16,MENTIONS,975,46,{}
17,MENTIONS,975,47,{}
18,MENTIONS,975,48,{}
19,MENTIONS,976,49,{}
20,MENTIONS,976,50,{}
21,MENTIONS,976,1103,{}
22,MENTIONS,976,36,{}
23,MENTIONS,977,1109,{}
24,MENTIONS,977,51,{}
25,MENTIONS,977,52,{}
26,MENTIONS,978,1100,{}
27,MENTIONS,978,1103,{}
28,MENTIONS,978,1111,{}
29,MENTIONS,978,1169,{}
30,MENTIONS,979,1100,{}
31,MENTIONS,979,53,{}
32,MENTIONS,979,54,{}
33,MENTIONS,979,55,{}
34,MENTIONS,980,1109,{}
35,MENTIONS,980,1111,{}
36,MENTIONS,980,56,{}
37,MENTIONS,980,1103,{}
38,MENTIONS,981,1109,{}
39,MENTIONS,981,57,{}
40,MENTIONS,981,58,{}
41,MENTIONS,982,1109,{}
42,MENTIONS,982,57,{}
43,MENTIONS,983,59,{}
44,MENTIONS,983,1110,{}
45,MENTIONS,983,60,{}
46,MENTIONS,983,61,{}
47,MENTIONS,984,1109,{}
48,MENTIONS,984,62,{}
49,MENTIONS,985,63,{}
50,MENTIONS,985,64,{}
51,MENTIONS,986,65,{}
52,MENTIONS,986,66,{}
53,MENTIONS,987,67,{}
54,MENTIONS,987,1111,{}
55,MENTIONS,988,1109,{}
56,MENTIONS,988,68,{}
57,MENTIONS,989,63,{}
58,MENTIONS,989,69,{}
59,MENTIONS,990,1100,{}
60,MENTIONS,990,1103,{}
61,MENTIONS,990,1169,{}
62,MENTIONS,990,1111,{}
63,MENTIONS,991,70,{}
64,MENTIONS,991,71,{}
65,MENTIONS,991,1103,{}
66,MENTIONS,991,72,{}
67,MENTIONS,992,35,{}
68,MENTIONS,992,1103,{}
69,MENTIONS,993,1099,{}
70,MENTIONS,993,1100,{}
71,MENTIONS,993,73,{}
72,MENTIONS,993,37,{}
73,MENTIONS,994,74,{}
74,MENTIONS,994,1110,{}
75,MENTIONS,994,1099,{}
76,MENTIONS,994,1103,{}
77,MENTIONS,995,75,{}
78,MENTIONS,995,1111,{}
79,MENTIONS,995,1100,{}
80,MENTIONS,995,76,{}
81,MENTIONS,996,1100,{}
82,MENTIONS,996,75,{}
83,MENTIONS,996,77,{}
84,MENTIONS,996,76,{}
85,MENTIONS,996,78,{}
86,MENTIONS,997,1100,{}
87,MENTIONS,997,79,{}
88,MENTIONS,997,1111,{}
89,MENTIONS,998,1118,{}
90,MENTIONS,998,1110,{}
91,MENTIONS,998,1103,{}
92,MENTIONS,999,1118,{}
93,MENTIONS,999,1108,{}
94,MENTIONS,1000,80,{}
95,MENTIONS,1000,81,{}
96,MENTIONS,1001,82,{}
97,MENTIONS,1001,1111,{}
98,MENTIONS,1001,83,{}
99,MENTIONS,1001,84,{}
100,MENTIONS,1002,1100,{}
101,MENTIONS,1002,1103,{}
102,MENTIONS,1003,85,{}
103,MENTIONS,1003,1111,{}
104,MENTIONS,1003,1100,{}
105,MENTIONS,1003,86,{}
106,MENTIONS,1003,1107,{}
107,MENTIONS,1003,87,{}
108,MENTIONS,1003,1103,{}
109,MENTIONS,1003,36,{}
110,MENTIONS,1004,1118,{}
111,MENTIONS,1004,1100,{}
112,MENTIONS,1004,66,{}
113,MENTIONS,1005,1100,{}
114,MENTIONS,1005,88,{}
115,MENTIONS,1005,89,{}
116,MENTIONS,1005,1111,{}
117,MENTIONS,1006,1118,{}
118,MENTIONS,1006,1100,{}
119,MENTIONS,1006,90,{}
120,MENTIONS,1006,91,{}
121,MENTIONS,1006,1099,{}
122,MENTIONS,1007,92,{}
123,MENTIONS,1007,36,{}
124,MENTIONS,1007,93,{}
125,MENTIONS,1007,94,{}
126,MENTIONS,1008,1109,{}
127,MENTIONS,1008,1100,{}
128,MENTIONS,1008,95,{}
129,MENTIONS,1008,96,{}
130,MENTIONS,1009,1100,{}
131,MENTIONS,1009,1103,{}
132,MENTIONS,1009,97,{}
133,MENTIONS,1009,98,{}
134,MENTIONS,1010,99,{}
135,MENTIONS,1010,1110,{}
136,MENTIONS,1010,1169,{}
137,MENTIONS,1010,1103,{}
138,MENTIONS,1011,1100,{}
139,MENTIONS,1011,1103,{}
140,MENTIONS,1011,1169,{}
141,MENTIONS,1011,1111,{}
142,MENTIONS,1012,1100,{}
143,MENTIONS,1012,1103,{}
144,MENTIONS,1012,1169,{}
145,MENTIONS,1012,1111,{}
146,MENTIONS,1013,1100,{}
147,MENTIONS,1013,1103,{}
148,MENTIONS,1013,1111,{}
149,MENTIONS,1013,100,{}
150,MENTIONS,1014,1118,{}
151,MENTIONS,1014,1100,{}
152,MENTIONS,1014,101,{}
153,MENTIONS,1014,1103,{}
154,MENTIONS,1016,102,{}
155,MENTIONS,1016,1111,{}
156,MENTIONS,1016,1100,{}
157,MENTIONS,1016,1103,{}
158,MENTIONS,1017,103,{}
159,MENTIONS,1017,1103,{}
160,MENTIONS,1018,104,{}
161,MENTIONS,1018,1106,{}
162,MENTIONS,1018,105,{}
163,MENTIONS,1019,1100,{}
164,MENTIONS,1019,1103,{}
165,MENTIONS,1019,1106,{}
166,MENTIONS,1019,106,{}
167,MENTIONS,1020,1130,{}
168,MENTIONS,1020,1111,{}
169,MENTIONS,1020,1100,{}
170,MENTIONS,1020,107,{}
171,MENTIONS,1020,1113,{}
172,MENTIONS,1021,1103,{}
173,MENTIONS,1021,1110,{}
174,MENTIONS,1021,1106,{}
175,MENTIONS,1022,1103,{}
176,MENTIONS,1022,1110,{}
177,MENTIONS,1023,1099,{}
178,MENTIONS,1023,1100,{}
179,MENTIONS,1023,108,{}
180,MENTIONS,1023,1192,{}
181,MENTIONS,1024,1100,{}
182,MENTIONS,1024,109,{}
183,MENTIONS,1024,110,{}
184,MENTIONS,1025,1130,{}
185,MENTIONS,1025,111,{}
186,MENTIONS,1025,1110,{}
187,MENTIONS,1025,1103,{}
188,MENTIONS,1026,1169,{}
189,MENTIONS,1026,1111,{}
190,MENTIONS,1026,1100,{}
191,MENTIONS,1026,1103,{}
192,MENTIONS,1027,1169,{}
193,MENTIONS,1027,1111,{}
194,MENTIONS,1027,1100,{}
195,MENTIONS,1027,1103,{}
196,MENTIONS,1028,1100,{}
197,MENTIONS,1028,1103,{}
198,MENTIONS,1028,1169,{}
199,MENTIONS,1028,1111,{}
200,MENTIONS,1029,1100,{}
201,MENTIONS,1029,1103,{}
202,MENTIONS,1029,1106,{}
203,MENTIONS,1029,1111,{}
204,MENTIONS,1030,112,{}
205,MENTIONS,1030,1103,{}
206,MENTIONS,1030,113,{}
207,MENTIONS,1030,1111,{}
208,MENTIONS,1031,1169,{}
209,MENTIONS,1031,1111,{}
210,MENTIONS,1031,1100,{}
211,MENTIONS,1031,1103,{}
212,MENTIONS,1032,1169,{}
213,MENTIONS,1032,1111,{}
214,MENTIONS,1032,1100,{}
215,MENTIONS,1032,1103,{}
216,MENTIONS,1033,1169,{}
217,MENTIONS,1033,1111,{}
218,MENTIONS,1033,1100,{}
219,MENTIONS,1033,1103,{}
220,MENTIONS,1034,1109,{}
221,MENTIONS,1034,1111,{}
222,MENTIONS,1034,1100,{}
223,MENTIONS,1034,114,{}
224,MENTIONS,1035,1100,{}
225,MENTIONS,1035,1103,{}
226,MENTIONS,1035,1169,{}
227,MENTIONS,1035,1111,{}
228,MENTIONS,1036,1100,{}
229,MENTIONS,1036,1103,{}
230,MENTIONS,1036,115,{}
231,MENTIONS,1036,1174,{}
232,MENTIONS,1037,1169,{}
233,MENTIONS,1037,116,{}
234,MENTIONS,1038,1100,{}
235,MENTIONS,1038,1103,{}
236,MENTIONS,1038,1169,{}
237,MENTIONS,1038,1111,{}
238,MENTIONS,1039,1100,{}
239,MENTIONS,1039,1103,{}
240,MENTIONS,1041,1130,{}
241,MENTIONS,1041,1111,{}
242,MENTIONS,1043,1169,{}
243,MENTIONS,1043,1111,{}
244,MENTIONS,1043,1100,{}
245,MENTIONS,1043,1103,{}
246,MENTIONS,1044,1118,{}
247,MENTIONS,1044,1100,{}
248,MENTIONS,1044,117,{}
249,MENTIONS,1045,1100,{}
250,MENTIONS,1045,1103,{}
251,MENTIONS,1046,1103,{}
252,MENTIONS,1046,1110,{}
253,MENTIONS,1047,118,{}
254,MENTIONS,1047,1110,{}
255,MENTIONS,1047,1103,{}
7313,MENTIONS,914,1097,{}
7314,MENTIONS,914,1098,{}
7315,MENTIONS,914,1099,{}
7316,MENTIONS,914,1100,{}
7317,MENTIONS,914,1101,{}
7318,MENTIONS,914,1102,{}
7319,MENTIONS,915,1100,{}
7320,MENTIONS,915,1103,{}
7321,MENTIONS,915,1104,{}
7322,MENTIONS,915,1105,{}
7323,MENTIONS,915,1106,{}
7324,MENTIONS,915,1107,{}
7325,MENTIONS,915,1108,{}
7326,MENTIONS,916,1109,{}
7327,MENTIONS,916,1105,{}
7328,MENTIONS,916,1110,{}
7329,MENTIONS,916,1103,{}
7330,MENTIONS,917,1099,{}
7331,MENTIONS,917,1111,{}
7332,MENTIONS,917,1112,{}
7333,MENTIONS,917,1100,{}
7334,MENTIONS,917,1113,{}
7335,MENTIONS,917,1103,{}
7336,MENTIONS,918,1100,{}
7337,MENTIONS,918,1103,{}
7338,MENTIONS,918,1111,{}
7339,MENTIONS,918,1114,{}
7340,MENTIONS,919,1109,{}
7341,MENTIONS,919,1115,{}
7342,MENTIONS,919,1103,{}
7343,MENTIONS,919,1116,{}
7344,MENTIONS,920,1109,{}
7345,MENTIONS,920,1115,{}
7346,MENTIONS,920,1103,{}
7347,MENTIONS,920,1116,{}
7348,MENTIONS,921,1109,{}
7349,MENTIONS,921,1115,{}
7350,MENTIONS,921,1103,{}
7351,MENTIONS,921,1116,{}
7352,MENTIONS,922,1109,{}
7353,MENTIONS,922,1115,{}
7354,MENTIONS,922,1103,{}
7355,MENTIONS,922,1116,{}
7356,MENTIONS,923,1117,{}
7357,MENTIONS,923,1103,{}
7358,MENTIONS,924,1118,{}
7359,MENTIONS,924,1100,{}
7360,MENTIONS,924,1119,{}
7361,MENTIONS,925,1120,{}
7362,MENTIONS,925,1121,{}
7363,MENTIONS,926,1100,{}
7364,MENTIONS,926,1103,{}
7365,MENTIONS,926,1122,{}
7366,MENTIONS,926,1123,{}
7367,MENTIONS,927,1109,{}
7368,MENTIONS,927,1111,{}
7369,MENTIONS,927,1100,{}
7370,MENTIONS,927,1124,{}
7371,MENTIONS,927,1103,{}
7372,MENTIONS,928,1100,{}
7373,MENTIONS,928,1103,{}
7374,MENTIONS,928,1125,{}
7375,MENTIONS,928,1126,{}
7376,MENTIONS,928,1127,{}
7377,MENTIONS,928,1128,{}
7378,MENTIONS,928,1129,{}
7379,MENTIONS,929,1109,{}
7380,MENTIONS,929,1111,{}
7381,MENTIONS,929,1110,{}
7382,MENTIONS,930,1130,{}
7383,MENTIONS,930,1111,{}
7384,MENTIONS,930,1100,{}
7385,MENTIONS,930,1131,{}
7386,MENTIONS,931,1132,{}
7387,MENTIONS,931,1111,{}
7388,MENTIONS,932,1099,{}
7389,MENTIONS,932,1111,{}
7390,MENTIONS,932,1100,{}
7391,MENTIONS,933,1130,{}
7392,MENTIONS,933,1111,{}
7393,MENTIONS,933,1118,{}
7394,MENTIONS,933,1100,{}
7395,MENTIONS,933,1109,{}
7396,MENTIONS,933,1133,{}
7397,MENTIONS,933,1134,{}
7398,MENTIONS,934,1135,{}
7399,MENTIONS,934,1110,{}
7400,MENTIONS,934,1136,{}
7401,MENTIONS,934,1137,{}
7402,MENTIONS,935,1138,{}
7403,MENTIONS,935,1109,{}
7404,MENTIONS,937,1139,{}
7405,MENTIONS,937,1111,{}
7406,MENTIONS,937,1110,{}
7407,MENTIONS,937,1103,{}
7408,MENTIONS,938,1118,{}
7409,MENTIONS,938,1100,{}
7410,MENTIONS,938,1103,{}
7411,MENTIONS,938,1140,{}
7412,MENTIONS,938,1141,{}
7413,MENTIONS,938,1142,{}
7414,MENTIONS,939,1143,{}
7415,MENTIONS,939,1103,{}
7416,MENTIONS,939,1144,{}
7417,MENTIONS,939,1106,{}
7418,MENTIONS,939,1145,{}
7419,MENTIONS,940,1109,{}
7420,MENTIONS,940,1111,{}
7421,MENTIONS,940,1146,{}
7422,MENTIONS,940,1147,{}
7423,MENTIONS,941,1109,{}
7424,MENTIONS,941,1148,{}
7425,MENTIONS,941,1149,{}
7426,MENTIONS,942,1109,{}
7427,MENTIONS,942,1100,{}
7428,MENTIONS,942,1150,{}
7429,MENTIONS,942,1151,{}
7430,MENTIONS,942,1152,{}
7431,MENTIONS,942,1153,{}
7432,MENTIONS,942,1154,{}
7433,MENTIONS,943,1155,{}
7434,MENTIONS,943,1100,{}
7435,MENTIONS,943,1156,{}
7436,MENTIONS,944,1157,{}
7437,MENTIONS,944,1158,{}
7438,MENTIONS,944,1159,{}
7439,MENTIONS,944,1160,{}
7440,MENTIONS,947,1161,{}
7441,MENTIONS,947,1103,{}
7442,MENTIONS,948,1130,{}
7443,MENTIONS,948,1100,{}
7444,MENTIONS,948,1162,{}
7445,MENTIONS,948,1163,{}
7446,MENTIONS,948,1164,{}
7447,MENTIONS,949,1165,{}
7448,MENTIONS,949,1100,{}
7449,MENTIONS,949,1166,{}
7450,MENTIONS,949,1111,{}
7451,MENTIONS,950,1130,{}
7452,MENTIONS,950,1100,{}
7453,MENTIONS,950,1166,{}
7454,MENTIONS,950,1167,{}
7455,MENTIONS,950,1168,{}
7456,MENTIONS,951,1100,{}
7457,MENTIONS,951,1103,{}
7458,MENTIONS,951,1169,{}
7459,MENTIONS,951,1170,{}
7460,MENTIONS,952,1109,{}
7461,MENTIONS,952,1111,{}
7462,MENTIONS,952,1100,{}
7463,MENTIONS,952,1171,{}
7464,MENTIONS,952,1103,{}
7465,MENTIONS,953,1100,{}
7466,MENTIONS,953,1172,{}
7467,MENTIONS,953,1111,{}
7468,MENTIONS,954,1100,{}
7469,MENTIONS,954,1173,{}
7470,MENTIONS,954,1174,{}
7471,MENTIONS,954,1111,{}
7472,MENTIONS,955,1175,{}
7473,MENTIONS,955,1176,{}
7474,MENTIONS,955,1100,{}
7475,MENTIONS,955,1177,{}
7476,MENTIONS,955,1173,{}
7477,MENTIONS,955,1103,{}
7478,MENTIONS,956,1109,{}
7479,MENTIONS,956,1100,{}
7480,MENTIONS,956,1178,{}
7481,MENTIONS,957,1130,{}
7482,MENTIONS,957,1111,{}
7483,MENTIONS,957,1100,{}
7484,MENTIONS,958,1109,{}
7485,MENTIONS,958,1179,{}
7486,MENTIONS,958,1180,{}
7487,MENTIONS,958,1181,{}
7488,MENTIONS,959,1109,{}
7489,MENTIONS,959,1182,{}
7490,MENTIONS,960,1183,{}
7491,MENTIONS,960,1184,{}
7492,MENTIONS,960,1185,{}
7493,MENTIONS,960,1186,{}
7494,MENTIONS,960,1187,{}
7495,MENTIONS,961,1100,{}
7496,MENTIONS,961,1103,{}
7497,MENTIONS,961,1188,{}
7498,MENTIONS,961,1111,{}
7499,MENTIONS,962,1130,{}
7500,MENTIONS,962,1100,{}
7501,MENTIONS,962,1189,{}
7502,MENTIONS,963,1190,{}
7503,MENTIONS,963,1191,{}
7504,MENTIONS,964,1109,{}
7505,MENTIONS,964,1192,{}
7506,MENTIONS,964,1100,{}
7507,MENTIONS,964,1103,{}
7508,MENTIONS,965,1100,{}
7509,MENTIONS,965,1193,{}
7510,MENTIONS,965,1111,{}
7511,MENTIONS,966,1106,{}
7512,MENTIONS,966,32,{}
7513,MENTIONS,966,33,{}
7514,MENTIONS,966,34,{}
7515,MENTIONS,967,35,{}
7516,MENTIONS,967,36,{}
7517,MENTIONS,967,37,{}
7518,MENTIONS,967,38,{}
7519,MENTIONS,967,39,{}
7520,MENTIONS,967,40,{}
7521,MENTIONS,968,35,{}
7522,MENTIONS,968,36,{}
7523,MENTIONS,968,37,{}
7524,MENTIONS,968,38,{}
7525,MENTIONS,968,39,{}
7526,MENTIONS,968,1111,{}
7527,MENTIONS,969,35,{}
7528,MENTIONS,969,36,{}
7529,MENTIONS,969,37,{}
7530,MENTIONS,1048,1110,{}
7531,MENTIONS,1048,119,{}
7532,MENTIONS,1048,120,{}
7533,MENTIONS,1049,1100,{}
7534,MENTIONS,1049,1103,{}
7535,MENTIONS,1049,1169,{}
7536,MENTIONS,1049,1111,{}
7537,MENTIONS,1050,1100,{}
7538,MENTIONS,1050,1103,{}
7539,MENTIONS,1051,1169,{}
7540,MENTIONS,1051,1111,{}
7541,MENTIONS,1052,1100,{}
7542,MENTIONS,1052,1103,{}
7543,MENTIONS,1052,1111,{}
7544,MENTIONS,1052,1169,{}
7545,MENTIONS,1053,1100,{}
7546,MENTIONS,1053,1103,{}
7547,MENTIONS,1055,1109,{}
7548,MENTIONS,1055,1100,{}
7549,MENTIONS,1055,119,{}
7550,MENTIONS,1056,1169,{}
7551,MENTIONS,1056,1111,{}
7552,MENTIONS,1056,1100,{}
7553,MENTIONS,1056,1103,{}
7554,MENTIONS,1057,1109,{}
7555,MENTIONS,1057,121,{}
7556,MENTIONS,1057,1100,{}
7557,MENTIONS,1057,1113,{}
7558,MENTIONS,1057,1102,{}
7559,MENTIONS,1058,1109,{}
7560,MENTIONS,1058,122,{}
7561,MENTIONS,1058,1110,{}
7562,MENTIONS,1059,1169,{}
7563,MENTIONS,1059,123,{}
7564,MENTIONS,1060,1100,{}
7565,MENTIONS,1060,1103,{}
7566,MENTIONS,1060,124,{}
7567,MENTIONS,1060,1111,{}
7568,MENTIONS,1061,1100,{}
7569,MENTIONS,1061,1103,{}
7570,MENTIONS,1061,1169,{}
7571,MENTIONS,1061,120,{}
7572,MENTIONS,1062,1100,{}
7573,MENTIONS,1062,1103,{}
7574,MENTIONS,1062,1169,{}
7575,MENTIONS,1062,1111,{}
7576,MENTIONS,1063,1109,{}
7577,MENTIONS,1063,1100,{}
7578,MENTIONS,1063,1111,{}
7579,MENTIONS,1064,1100,{}
7580,MENTIONS,1064,1103,{}
7581,MENTIONS,1064,1169,{}
7582,MENTIONS,1064,1111,{}
7583,MENTIONS,1065,125,{}
7584,MENTIONS,1065,1100,{}
7585,MENTIONS,1066,126,{}
7586,MENTIONS,1066,1130,{}
7587,MENTIONS,1067,1100,{}
7588,MENTIONS,1067,1103,{}
7589,MENTIONS,1067,1169,{}
7590,MENTIONS,1067,1111,{}
7591,MENTIONS,1068,1130,{}
7592,MENTIONS,1068,127,{}
7593,MENTIONS,1069,128,{}
7594,MENTIONS,1069,1103,{}
7595,MENTIONS,1069,1188,{}
7596,MENTIONS,1069,129,{}
7597,MENTIONS,1069,1111,{}
7598,MENTIONS,1070,1109,{}
7599,MENTIONS,1070,1110,{}
7600,MENTIONS,1070,1103,{}
7601,MENTIONS,1071,1169,{}
7602,MENTIONS,1071,1111,{}
7603,MENTIONS,1071,1100,{}
7604,MENTIONS,1071,1103,{}
7605,MENTIONS,1072,130,{}
7606,MENTIONS,1072,131,{}
7607,MENTIONS,1072,132,{}
7608,MENTIONS,1072,133,{}
7609,MENTIONS,1072,1117,{}
7610,MENTIONS,1072,1103,{}
7611,MENTIONS,1073,1100,{}
7612,MENTIONS,1073,1103,{}
7613,MENTIONS,1073,1169,{}
7614,MENTIONS,1073,1111,{}
7615,MENTIONS,1074,1169,{}
7616,MENTIONS,1074,1111,{}
7617,MENTIONS,1074,1100,{}
7618,MENTIONS,1074,134,{}
7619,MENTIONS,1074,1102,{}
7620,MENTIONS,1075,1103,{}
7621,MENTIONS,1075,135,{}
7622,MENTIONS,1075,1169,{}
7623,MENTIONS,1075,136,{}
7624,MENTIONS,1076,1169,{}
7625,MENTIONS,1076,137,{}
7626,MENTIONS,1077,1109,{}
7627,MENTIONS,1077,138,{}
7628,MENTIONS,1077,1100,{}
7629,MENTIONS,1077,1103,{}
7630,MENTIONS,1077,1117,{}
7631,MENTIONS,1078,1100,{}
7632,MENTIONS,1078,1103,{}
7633,MENTIONS,1078,1111,{}
7634,MENTIONS,1078,139,{}
7635,MENTIONS,1079,1100,{}
7636,MENTIONS,1079,1103,{}
7637,MENTIONS,1080,1100,{}
7638,MENTIONS,1080,1103,{}
7639,MENTIONS,1080,1169,{}
7640,MENTIONS,1080,140,{}
7641,MENTIONS,1081,1100,{}
7642,MENTIONS,1081,1103,{}
7643,MENTIONS,1081,1169,{}
7644,MENTIONS,1081,1111,{}
7645,MENTIONS,1083,1109,{}
7646,MENTIONS,1083,1111,{}
7647,MENTIONS,1083,1110,{}
7648,MENTIONS,1083,141,{}
7649,MENTIONS,1083,1103,{}
7650,MENTIONS,1084,1109,{}
7651,MENTIONS,1084,1100,{}
7652,MENTIONS,1084,142,{}
7653,MENTIONS,1085,143,{}
7654,MENTIONS,1085,1111,{}
7655,MENTIONS,1085,1100,{}
7656,MENTIONS,1085,1103,{}
7657,MENTIONS,1086,1099,{}
7658,MENTIONS,1086,1111,{}
7659,MENTIONS,1086,1100,{}
7660,MENTIONS,1086,144,{}
7661,MENTIONS,1087,1109,{}
7662,MENTIONS,1087,1111,{}
7663,MENTIONS,1087,1100,{}
7664,MENTIONS,1087,145,{}
7665,MENTIONS,1087,146,{}
7666,MENTIONS,1087,1103,{}
7667,MENTIONS,1087,1117,{}
7668,MENTIONS,1088,1109,{}
7669,MENTIONS,1088,1100,{}
7670,MENTIONS,1088,147,{}
7671,MENTIONS,1088,1098,{}
7672,MENTIONS,1089,1109,{}
7673,MENTIONS,1089,1111,{}
7674,MENTIONS,1089,1100,{}
7675,MENTIONS,1089,148,{}
7676,MENTIONS,1090,1109,{}
7677,MENTIONS,1090,1111,{}
7678,MENTIONS,1090,1100,{}
7679,MENTIONS,1090,149,{}
7680,MENTIONS,1091,1169,{}
7681,MENTIONS,1091,1111,{}
7682,MENTIONS,1091,1100,{}
7683,MENTIONS,1091,1103,{}
7684,MENTIONS,1092,1103,{}
7685,MENTIONS,1092,1110,{}
7686,MENTIONS,1093,1100,{}
7687,MENTIONS,1093,1103,{}
7688,MENTIONS,1093,1169,{}
7689,MENTIONS,1093,1111,{}
7690,MENTIONS,1094,1100,{}
7691,MENTIONS,1094,1102,{}
7692,MENTIONS,1094,1169,{}
7693,MENTIONS,1094,120,{}
7694,MENTIONS,1095,1169,{}
7695,MENTIONS,1095,1111,{}
7696,MENTIONS,1095,1109,{}
7697,MENTIONS,1095,1100,{}
7698,MENTIONS,1095,1103,{}
7699,MENTIONS,1096,1109,{}
7700,MENTIONS,1096,150,{}
7701,MENTIONS,1096,151,{}
7702,MENTIONS,1096,152,{}
7703,MENTIONS,1096,153,{}
7704,OCCURS_IN_STAGE,1097,1098,{triplet_source_id: e5f9f90a-53c2-466f-8dba-626a24bde463}
7705,OCCURS_IN_STAGE,1099,1098,{triplet_source_id: e5f9f90a-53c2-466f-8dba-626a24bde463}
7706,CAUSED_BY,1100,1097,{triplet_source_id: e5f9f90a-53c2-466f-8dba-626a24bde463}
7707,CAUSED_BY,1100,1099,{triplet_source_id: e5f9f90a-53c2-466f-8dba-626a24bde463}
7708,CAUSED_BY,1101,1097,{triplet_source_id: e5f9f90a-53c2-466f-8dba-626a24bde463}
7709,ROOT_CAUSE_IS,1102,1100,{triplet_source_id: e5f9f90a-53c2-466f-8dba-626a24bde463}
7710,ROOT_CAUSE_IS,1100,1103,{triplet_source_id: 19027a5a-1a4c-420c-8040-8a068b1e21fc}
7711,OCCURS_IN_STAGE,1104,1105,{triplet_source_id: 19027a5a-1a4c-420c-8040-8a068b1e21fc}
7712,CAUSED_BY,1106,1100,{triplet_source_id: 19027a5a-1a4c-420c-8040-8a068b1e21fc}
7713,CAUSED_BY,1106,1107,{triplet_source_id: 19027a5a-1a4c-420c-8040-8a068b1e21fc}
7714,CAUSED_BY,1106,1108,{triplet_source_id: 19027a5a-1a4c-420c-8040-8a068b1e21fc}
7715,OCCURS_IN_STAGE,1109,1105,{triplet_source_id: 2ef3bdac-21e9-4f44-9ef1-03b49c74552b}
7716,CAUSED_BY,1110,1109,{triplet_source_id: 2ef3bdac-21e9-4f44-9ef1-03b49c74552b}
7717,ROOT_CAUSE_IS,1103,1110,{triplet_source_id: 2ef3bdac-21e9-4f44-9ef1-03b49c74552b}
7718,OCCURS_IN_STAGE,1099,1111,{triplet_source_id: 65471ea0-e3b4-4628-80ce-e46c2fa8ef82}
7719,OCCURS_IN_STAGE,1112,1111,{triplet_source_id: 65471ea0-e3b4-4628-80ce-e46c2fa8ef82}
7720,CAUSED_BY,1099,1100,{triplet_source_id: 65471ea0-e3b4-4628-80ce-e46c2fa8ef82}
7721,CAUSED_BY,1099,1113,{triplet_source_id: 65471ea0-e3b4-4628-80ce-e46c2fa8ef82}
7722,CAUSED_BY,1112,1100,{triplet_source_id: 65471ea0-e3b4-4628-80ce-e46c2fa8ef82}
7723,CAUSED_BY,1112,1113,{triplet_source_id: 65471ea0-e3b4-4628-80ce-e46c2fa8ef82}
7724,ROOT_CAUSE_IS,1103,1100,{triplet_source_id: 65471ea0-e3b4-4628-80ce-e46c2fa8ef82}
7725,OCCURS_IN_STAGE,1111,1114,{triplet_source_id: e9fdaf8d-c114-49d5-8e02-912543576a6c}
7726,OCCURS_IN_STAGE,1109,1115,{triplet_source_id: 4e0d8f9d-4e2e-40c2-84fd-bd724b8b2661}
7727,ROOT_CAUSE_IS,1103,1116,{triplet_source_id: 4e0d8f9d-4e2e-40c2-84fd-bd724b8b2661}
7728,ROOT_CAUSE_IS,1117,1103,{triplet_source_id: 42c1b2cb-9e97-4db7-92b7-a5d08a088888}
7729,CAUSED_BY,1118,1100,{triplet_source_id: 98e364f1-7c4a-4c29-b6f1-b266be11fe6c}
7730,CAUSED_BY,1118,1119,{triplet_source_id: 98e364f1-7c4a-4c29-b6f1-b266be11fe6c}
7731,ASSOCIATED_WITH,1120,1121,{triplet_source_id: 369b189a-164a-4952-9f46-e78c303376dc}
7732,CAUSED_BY,1122,1123,{triplet_source_id: 843dd4bb-66e3-4259-b7f9-3def1fa8df1b}
7733,OCCURS_IN_STAGE,1109,1111,{triplet_source_id: c6ad7aea-020f-4889-8f96-e581c73bf138}
7734,CAUSED_BY,1109,1100,{triplet_source_id: c6ad7aea-020f-4889-8f96-e581c73bf138}
7735,CAUSED_BY,1109,1124,{triplet_source_id: c6ad7aea-020f-4889-8f96-e581c73bf138}
7736,OCCURS_IN_STAGE,1125,1126,{triplet_source_id: f500277e-4372-45f2-a9a2-fa2217a8258a}
7737,CAUSED_BY,1125,1127,{triplet_source_id: f500277e-4372-45f2-a9a2-fa2217a8258a}
7738,CAUSED_BY,1125,1128,{triplet_source_id: f500277e-4372-45f2-a9a2-fa2217a8258a}
7739,CAUSED_BY,1125,1129,{triplet_source_id: f500277e-4372-45f2-a9a2-fa2217a8258a}
7740,CAUSED_BY,1109,1110,{triplet_source_id: 780de8b0-03e4-455a-b569-d29aaba98e3e}
7741,OCCURS_IN_STAGE,1130,1111,{triplet_source_id: 0f3a7da5-3754-4917-8b7e-e290ab37c654}
7742,CAUSED_BY,1130,1100,{triplet_source_id: 0f3a7da5-3754-4917-8b7e-e290ab37c654}
7743,CAUSED_BY,1130,1131,{triplet_source_id: 0f3a7da5-3754-4917-8b7e-e290ab37c654}
7744,OCCURS_IN_STAGE,1132,1111,{triplet_source_id: c479724e-2b44-45d9-bcc4-8251fc30c5c6}
7745,CAUSED_BY,1130,1133,{triplet_source_id: 35da67d1-5388-4eb4-b8b4-5b6667e60cd6}
7746,CAUSED_BY,1130,1134,{triplet_source_id: 35da67d1-5388-4eb4-b8b4-5b6667e60cd6}
7747,ROOT_CAUSE_IS,1135,1110,{triplet_source_id: 7ff061b3-b74f-4150-9f42-04d769374e3b}
7748,OCCURS_IN_STAGE,1136,1137,{triplet_source_id: 7ff061b3-b74f-4150-9f42-04d769374e3b}
7749,CAUSED_BY,1138,1109,{triplet_source_id: bdd422a9-d533-41f9-ad29-a726a5d01229}
7750,OCCURS_IN_STAGE,1139,1111,{triplet_source_id: 193fd6ea-a586-428f-a13d-642e1a92b08d}
7751,CAUSED_BY,1139,1110,{triplet_source_id: 193fd6ea-a586-428f-a13d-642e1a92b08d}
7752,ROOT_CAUSE_IS,1110,1103,{triplet_source_id: 193fd6ea-a586-428f-a13d-642e1a92b08d}
7753,CAUSED_BY,1140,1141,{triplet_source_id: 99cd802e-7ea0-43e6-a691-49e7e0d678fd}
7754,OCCURS_IN_STAGE,1140,1142,{triplet_source_id: 99cd802e-7ea0-43e6-a691-49e7e0d678fd}
7755,ROOT_CAUSE_IS,1143,1103,{triplet_source_id: e29c56f0-d302-44ce-84a8-ab5e656e175a}
7756,CAUSED_BY,1144,1106,{triplet_source_id: e29c56f0-d302-44ce-84a8-ab5e656e175a}
7757,CAUSED_BY,1145,1106,{triplet_source_id: e29c56f0-d302-44ce-84a8-ab5e656e175a}
7758,CAUSED_BY,1109,1146,{triplet_source_id: 0495e0b9-fb98-4788-a0eb-0331a810dca9}
7759,CAUSED_BY,1109,1147,{triplet_source_id: 0495e0b9-fb98-4788-a0eb-0331a810dca9}
7760,CAUSED_BY,1109,1148,{triplet_source_id: 017e6c7e-8378-40b4-9b69-f3ab6ebf461d}
7761,OCCURS_IN_STAGE,1109,1149,{triplet_source_id: 017e6c7e-8378-40b4-9b69-f3ab6ebf461d}
7762,CAUSED_BY,1109,1150,{triplet_source_id: 95b7cc3f-3b0b-421e-b92a-356a68c34783}
7763,CAUSED_BY,1109,1151,{triplet_source_id: 95b7cc3f-3b0b-421e-b92a-356a68c34783}
7764,CAUSED_BY,1109,1152,{triplet_source_id: 95b7cc3f-3b0b-421e-b92a-356a68c34783}
7765,CAUSED_BY,1109,1153,{triplet_source_id: 95b7cc3f-3b0b-421e-b92a-356a68c34783}
7766,OCCURS_IN_STAGE,1109,1154,{triplet_source_id: 95b7cc3f-3b0b-421e-b92a-356a68c34783}
7767,CAUSED_BY,1155,1100,{triplet_source_id: 64fbebca-9ad5-4dfe-a7e2-466e28c8c6a2}
7768,OCCURS_IN_STAGE,1155,1156,{triplet_source_id: 64fbebca-9ad5-4dfe-a7e2-466e28c8c6a2}
7769,OCCURS_IN_STAGE,1157,1158,{triplet_source_id: aeed59a7-88c0-4bce-a022-c1e4ddd97353}
7770,ROOT_CAUSE_IS,1159,1160,{triplet_source_id: aeed59a7-88c0-4bce-a022-c1e4ddd97353}
7771,ROOT_CAUSE_IS,1161,1103,{triplet_source_id: 801d3deb-eb8e-4b56-bd6f-3c579d69acd4}
7772,CAUSED_BY,1130,1162,{triplet_source_id: d473cc16-5bfd-4ed1-992b-ed452628d0f5}
7773,OCCURS_IN_STAGE,1163,1164,{triplet_source_id: d473cc16-5bfd-4ed1-992b-ed452628d0f5}
7774,CAUSED_BY,1165,1100,{triplet_source_id: 9f515239-a518-422f-8157-40022f0b7ac4}
7775,CAUSED_BY,1165,1166,{triplet_source_id: 9f515239-a518-422f-8157-40022f0b7ac4}
7776,OCCURS_IN_STAGE,1165,1111,{triplet_source_id: 9f515239-a518-422f-8157-40022f0b7ac4}
7777,CAUSED_BY,1130,1166,{triplet_source_id: 2444661c-044e-4681-bba3-285349f0e072}
7778,OCCURS_IN_STAGE,1167,1168,{triplet_source_id: 2444661c-044e-4681-bba3-285349f0e072}
7779,OCCURS_IN_STAGE,1169,1170,{triplet_source_id: 13f6ac0d-411e-4205-9163-817ff032c538}
7780,CAUSED_BY,1109,1171,{triplet_source_id: 1a9f1de5-e56a-4035-85f0-b1be7f93e851}
7781,CAUSED_BY,1100,1172,{triplet_source_id: 1e9d2d7d-c381-4c30-b8a6-d1795d451586}
7782,OCCURS_IN_STAGE,1172,1111,{triplet_source_id: 1e9d2d7d-c381-4c30-b8a6-d1795d451586}
7783,ROOT_CAUSE_IS,1100,1173,{triplet_source_id: 316b4247-a7b3-42bb-90c6-5b46836565ff}
7784,OCCURS_IN_STAGE,1174,1111,{triplet_source_id: 316b4247-a7b3-42bb-90c6-5b46836565ff}
7785,OCCURS_IN_STAGE,1175,1176,{triplet_source_id: 3c72b661-daa1-48c8-ad09-9b16714d441e}
7786,CAUSED_BY,1175,1100,{triplet_source_id: 3c72b661-daa1-48c8-ad09-9b16714d441e}
7787,CAUSED_BY,1175,1177,{triplet_source_id: 3c72b661-daa1-48c8-ad09-9b16714d441e}
7788,ROOT_CAUSE_IS,1173,1103,{triplet_source_id: 3c72b661-daa1-48c8-ad09-9b16714d441e}
7789,CAUSED_BY,1109,1178,{triplet_source_id: 70569969-d236-46a7-8127-f9a5ea9d4fb1}
7790,OCCURS_IN_STAGE,1109,1179,{triplet_source_id: da5dfbf9-8ef2-448c-aa72-d30d2c9fd9c0}
7791,ROOT_CAUSE_IS,1180,1181,{triplet_source_id: da5dfbf9-8ef2-448c-aa72-d30d2c9fd9c0}
7792,CAUSED_BY,1109,1182,{triplet_source_id: 6c10c466-fcac-4ad6-8eff-3b34251b505f}
7793,ROOT_CAUSE_IS,1183,1184,{triplet_source_id: 9d184f56-82a9-4b04-83eb-dcb6b76b41d0}
7794,ROOT_CAUSE_IS,1185,1184,{triplet_source_id: 9d184f56-82a9-4b04-83eb-dcb6b76b41d0}
7795,ROOT_CAUSE_IS,1186,1184,{triplet_source_id: 9d184f56-82a9-4b04-83eb-dcb6b76b41d0}
7796,ROOT_CAUSE_IS,1187,1184,{triplet_source_id: 9d184f56-82a9-4b04-83eb-dcb6b76b41d0}
7797,CAUSED_BY,1188,1100,{triplet_source_id: 31e9f95a-bc88-4eff-a862-7634bed28275}
7798,OCCURS_IN_STAGE,1188,1111,{triplet_source_id: 31e9f95a-bc88-4eff-a862-7634bed28275}
7799,CAUSED_BY,1130,1189,{triplet_source_id: 20cae376-5bf4-454d-801f-e2b17d3e8067}
7800,OCCURS_IN_STAGE,1190,1191,{triplet_source_id: d4f90232-2367-4b8c-ac0f-b0fa6ae6f067}
7801,OCCURS_IN_STAGE,1109,1192,{triplet_source_id: 08accfc1-3ba0-4497-bb63-2a45918c3bfd}
7802,CAUSED_BY,1100,1109,{triplet_source_id: 08accfc1-3ba0-4497-bb63-2a45918c3bfd}
7803,CAUSED_BY,1100,1193,{triplet_source_id: 00e7eeb5-b597-4b3d-83aa-84c24d4b8969}
7804,OCCURS_IN_STAGE,1193,1111,{triplet_source_id: 00e7eeb5-b597-4b3d-83aa-84c24d4b8969}
7805,CAUSED_BY,1106,32,{triplet_source_id: 20a257ca-e8a9-4176-9421-d5ccaa245b4a}
7806,OCCURS_IN_STAGE,33,34,{triplet_source_id: 20a257ca-e8a9-4176-9421-d5ccaa245b4a}
7807,ROOT_CAUSE_IS,35,36,{triplet_source_id: d4608cc1-8b22-4a7f-ae67-dc41062818d2}
7808,CAUSED_BY,37,38,{triplet_source_id: d4608cc1-8b22-4a7f-ae67-dc41062818d2}
7809,OCCURS_IN_STAGE,39,40,{triplet_source_id: d4608cc1-8b22-4a7f-ae67-dc41062818d2}
7810,OCCURS_IN_STAGE,39,1111,{triplet_source_id: a41353e2-1c85-4433-9406-e35cfc266ccb}
7811,OCCURS_IN_STAGE,41,42,{triplet_source_id: 32795f30-5239-4126-8b3f-e77455eb6461}
7812,OCCURS_IN_STAGE,1130,43,{triplet_source_id: 5c8c8747-da79-4ff5-87b7-50d83459c0fe}
7813,CAUSED_BY,1109,44,{triplet_source_id: 02a9555c-7055-461c-bdfd-baed12a263ec}
7814,OCCURS_IN_STAGE,1109,45,{triplet_source_id: 02a9555c-7055-461c-bdfd-baed12a263ec}
7815,CAUSED_BY,46,47,{triplet_source_id: ef92379c-5589-4091-af27-2a880057e374}
7816,CAUSED_BY,46,48,{triplet_source_id: ef92379c-5589-4091-af27-2a880057e374}
7817,OCCURS_IN_STAGE,49,50,{triplet_source_id: 35391b52-aa7f-4ac4-b7ee-7fabcca02e77}
7818,ROOT_CAUSE_IS,1103,36,{triplet_source_id: 35391b52-aa7f-4ac4-b7ee-7fabcca02e77}
7819,CAUSED_BY,1109,51,{triplet_source_id: 9810b555-1dd8-4ced-90e5-d6f71a1d5ecb}
7820,CAUSED_BY,1109,52,{triplet_source_id: 9810b555-1dd8-4ced-90e5-d6f71a1d5ecb}
7821,OCCURS_IN_STAGE,1111,1169,{triplet_source_id: 8c327307-7f6a-4d02-b224-9e0053c01a59}
7822,ROOT_CAUSE_IS,1100,53,{triplet_source_id: 0a11e443-ade3-4e75-85d5-9343896921be}
7823,OCCURS_IN_STAGE,54,55,{triplet_source_id: 0a11e443-ade3-4e75-85d5-9343896921be}
7824,ROOT_CAUSE_IS,56,1103,{triplet_source_id: ef131701-7a7c-4208-a295-c4feb3f744f2}
7825,CAUSED_BY,1109,57,{triplet_source_id: eca60f86-c7f2-4583-9c66-d493f1dbc0a4}
7826,OCCURS_IN_STAGE,1109,58,{triplet_source_id: eca60f86-c7f2-4583-9c66-d493f1dbc0a4}
7827,ROOT_CAUSE_IS,59,1110,{triplet_source_id: 2fccebfb-0a30-4cf5-823d-3450c3952d88}
7828,OCCURS_IN_STAGE,60,61,{triplet_source_id: 2fccebfb-0a30-4cf5-823d-3450c3952d88}
7829,OCCURS_IN_STAGE,1109,62,{triplet_source_id: 7ff21801-c173-45fe-abd2-7db117cb40f9}
7830,OCCURS_IN_STAGE,63,64,{triplet_source_id: e2f96a09-4d9c-48c8-ac53-ab7f60a249e2}
7831,CAUSED_BY,65,66,{triplet_source_id: e4245826-1123-4adf-910c-2200297bff91}
7832,OCCURS_IN_STAGE,67,1111,{triplet_source_id: bfb40137-7d64-4b01-ac09-05d07e7a8d98}
7833,OCCURS_IN_STAGE,1109,68,{triplet_source_id: 647ff284-c665-4e63-bef6-4efaf8f970e8}
7834,OCCURS_IN_STAGE,63,69,{triplet_source_id: 5a6702a7-cf4a-4c65-9d2e-1253f55a6a26}
7835,OCCURS_IN_STAGE,1169,1111,{triplet_source_id: ff1b3829-12a3-408d-8b8d-90e919b93747}
7836,OCCURS_IN_STAGE,70,71,{triplet_source_id: a88ddb1d-1b8c-4de3-9956-78ae95f38de8}
7837,ROOT_CAUSE_IS,1103,72,{triplet_source_id: a88ddb1d-1b8c-4de3-9956-78ae95f38de8}
7838,ROOT_CAUSE_IS,35,1103,{triplet_source_id: 5ed0fa9c-4b71-4bf4-8d33-d29bb82d7bff}
7839,CAUSED_BY,1099,73,{triplet_source_id: 5c1759c6-0a1c-4202-9bbf-940faea1a50e}
7840,CAUSED_BY,37,1099,{triplet_source_id: 5c1759c6-0a1c-4202-9bbf-940faea1a50e}
7841,CAUSED_BY,74,1110,{triplet_source_id: 6f5f689c-bd3c-4aa2-a749-bccdecbda6c4}
7842,CAUSED_BY,1099,1110,{triplet_source_id: 6f5f689c-bd3c-4aa2-a749-bccdecbda6c4}
7843,CAUSED_BY,74,1103,{triplet_source_id: 6f5f689c-bd3c-4aa2-a749-bccdecbda6c4}
7844,CAUSED_BY,1099,1103,{triplet_source_id: 6f5f689c-bd3c-4aa2-a749-bccdecbda6c4}
7845,OCCURS_IN_STAGE,75,1111,{triplet_source_id: ce17e2e2-0ceb-499e-ab50-437bebb2c4da}
7846,CAUSED_BY,75,1100,{triplet_source_id: ce17e2e2-0ceb-499e-ab50-437bebb2c4da}
7847,CAUSED_BY,75,76,{triplet_source_id: ce17e2e2-0ceb-499e-ab50-437bebb2c4da}
7848,CAUSED_BY,1100,75,{triplet_source_id: 895d5eac-f08d-437f-9c85-f6ad1d7792cf}
7849,CAUSED_BY,77,75,{triplet_source_id: 895d5eac-f08d-437f-9c85-f6ad1d7792cf}
7850,CAUSED_BY,76,75,{triplet_source_id: 895d5eac-f08d-437f-9c85-f6ad1d7792cf}
7851,CAUSED_BY,78,75,{triplet_source_id: 895d5eac-f08d-437f-9c85-f6ad1d7792cf}
7852,CAUSED_BY,1100,79,{triplet_source_id: 6478d08c-2c23-4b50-a4a3-9110b08d5cbc}
7853,OCCURS_IN_STAGE,79,1111,{triplet_source_id: 6478d08c-2c23-4b50-a4a3-9110b08d5cbc}
7854,CAUSED_BY,1118,1110,{triplet_source_id: 434a9004-5cc9-4d7b-991f-661300088eaa}
7855,CAUSED_BY,1118,1108,{triplet_source_id: 15968cd8-5cca-4c34-b24a-046288c4df28}
7856,OCCURS_IN_STAGE,80,81,{triplet_source_id: 10e61814-2738-46d3-a3f4-1a91c9f74075}
7857,CAUSED_BY,82,1111,{triplet_source_id: bc3ec1f0-edc7-4719-872d-6c7006636339}
7858,CAUSED_BY,82,83,{triplet_source_id: bc3ec1f0-edc7-4719-872d-6c7006636339}
7859,CAUSED_BY,82,84,{triplet_source_id: bc3ec1f0-edc7-4719-872d-6c7006636339}
7860,OCCURS_IN_STAGE,85,1111,{triplet_source_id: d558077f-9dd8-44d2-a4df-74cee0b88f08}
7861,CAUSED_BY,85,1100,{triplet_source_id: d558077f-9dd8-44d2-a4df-74cee0b88f08}
7862,CAUSED_BY,85,86,{triplet_source_id: d558077f-9dd8-44d2-a4df-74cee0b88f08}
7863,CAUSED_BY,85,1107,{triplet_source_id: d558077f-9dd8-44d2-a4df-74cee0b88f08}
7864,CAUSED_BY,85,87,{triplet_source_id: d558077f-9dd8-44d2-a4df-74cee0b88f08}
7865,CAUSED_BY,1118,66,{triplet_source_id: 379c6482-61ab-4303-b272-7c445178263e}
7866,ROOT_CAUSE_IS,1100,88,{triplet_source_id: d5cdaa19-948e-401b-a360-12708b0ce127}
7867,OCCURS_IN_STAGE,89,1111,{triplet_source_id: d5cdaa19-948e-401b-a360-12708b0ce127}
7868,CAUSED_BY,1118,90,{triplet_source_id: 0ce90dbb-d29d-4408-aa4d-83f18e386ec3}
7869,CAUSED_BY,1118,91,{triplet_source_id: 0ce90dbb-d29d-4408-aa4d-83f18e386ec3}
7870,CAUSED_BY,1099,90,{triplet_source_id: 0ce90dbb-d29d-4408-aa4d-83f18e386ec3}
7871,CAUSED_BY,1099,91,{triplet_source_id: 0ce90dbb-d29d-4408-aa4d-83f18e386ec3}
7872,ROOT_CAUSE_IS,92,36,{triplet_source_id: b3cf6364-cb97-43e7-957b-7e57587fae16}
7873,OCCURS_IN_STAGE,93,94,{triplet_source_id: b3cf6364-cb97-43e7-957b-7e57587fae16}
7874,CAUSED_BY,1109,95,{triplet_source_id: def3dcce-20f1-4092-8173-bcba87195220}
7875,CAUSED_BY,1109,96,{triplet_source_id: def3dcce-20f1-4092-8173-bcba87195220}
7876,OCCURS_IN_STAGE,97,98,{triplet_source_id: ec6e4bfc-42a0-4d17-8348-4cf936488329}
7877,CAUSED_BY,99,1110,{triplet_source_id: 71571dba-d18b-46c4-b929-9b41ea563a4b}
7878,CAUSED_BY,1169,1110,{triplet_source_id: 71571dba-d18b-46c4-b929-9b41ea563a4b}
7879,OCCURS_IN_STAGE,1111,100,{triplet_source_id: 507aed4d-15cb-4941-9eeb-a7d49c5edd98}
7880,CAUSED_BY,1118,101,{triplet_source_id: 959ca4ed-f28a-4585-b6e3-c731e23866cc}
7881,OCCURS_IN_STAGE,102,1111,{triplet_source_id: d1bfa988-6346-431b-b193-357b83a1f520}
7882,CAUSED_BY,1100,102,{triplet_source_id: d1bfa988-6346-431b-b193-357b83a1f520}
7883,ROOT_CAUSE_IS,103,1103,{triplet_source_id: 537dd9dc-ce3f-49c2-aa51-df6c00430719}
7884,CAUSED_BY,104,1106,{triplet_source_id: 9d02165e-147d-497b-b600-d3593328941f}
7885,CAUSED_BY,105,1106,{triplet_source_id: 9d02165e-147d-497b-b600-d3593328941f}
7886,OCCURS_IN_STAGE,1106,106,{triplet_source_id: 0b579c6b-3456-46e3-b262-08133843ad45}
7887,CAUSED_BY,1130,107,{triplet_source_id: cdacd730-cac7-4891-b4da-2cf101d6e5ac}
7888,ROOT_CAUSE_IS,1100,1113,{triplet_source_id: cdacd730-cac7-4891-b4da-2cf101d6e5ac}
7889,CAUSED_BY,1106,1110,{triplet_source_id: 0b92022b-65b4-4893-b016-953ae332e464}
7890,CAUSED_BY,1099,108,{triplet_source_id: 8d426cdf-75bd-4ee6-b14f-e556b02d740c}
7891,OCCURS_IN_STAGE,1099,1192,{triplet_source_id: 8d426cdf-75bd-4ee6-b14f-e556b02d740c}
7892,ROOT_CAUSE_IS,1100,109,{triplet_source_id: 1d8d4ce9-ff85-4dc2-9018-bab07e69dfb1}
7893,CAUSED_BY,110,1100,{triplet_source_id: 1d8d4ce9-ff85-4dc2-9018-bab07e69dfb1}
7894,OCCURS_IN_STAGE,1130,111,{triplet_source_id: 1315bea0-b46f-4a45-bd98-5878a0fc0eb9}
7895,CAUSED_BY,1110,1130,{triplet_source_id: 1315bea0-b46f-4a45-bd98-5878a0fc0eb9}
7896,CAUSED_BY,1100,1169,{triplet_source_id: 9fe3c93e-1517-48ed-a5a1-88c2150ff0ee}
7897,OCCURS_IN_STAGE,1106,1111,{triplet_source_id: 7825373d-1ad0-4a9a-bd14-544173a8c3fa}
7898,ROOT_CAUSE_IS,112,1103,{triplet_source_id: 5dadf528-51ad-4e9b-bf7e-14b9d8a7f105}
7899,OCCURS_IN_STAGE,113,1111,{triplet_source_id: 5dadf528-51ad-4e9b-bf7e-14b9d8a7f105}
7900,CAUSED_BY,1109,114,{triplet_source_id: d5548946-ddc4-47eb-8504-e9dd7be915e2}
7901,OCCURS_IN_STAGE,115,1174,{triplet_source_id: 57b3e9e8-150b-4444-8717-2b17532071f1}
7902,OCCURS_IN_STAGE,1169,116,{triplet_source_id: 1b24e166-7815-412e-940c-4c2de52545b0}
7903,CAUSED_BY,1118,117,{triplet_source_id: 162dddf4-5cb3-45e0-b223-5020f600a9b0}
7904,CAUSED_BY,118,1110,{triplet_source_id: b30c91a7-5932-4c69-994a-e6e303689024}
7905,CAUSED_BY,118,1103,{triplet_source_id: b30c91a7-5932-4c69-994a-e6e303689024}
7906,CAUSED_BY,1110,119,{triplet_source_id: ad28f766-fea0-45d6-b9e4-19c16d4b10ea}
7907,OCCURS_IN_STAGE,119,120,{triplet_source_id: ad28f766-fea0-45d6-b9e4-19c16d4b10ea}
7908,CAUSED_BY,1109,119,{triplet_source_id: 1aafe5c8-ebf1-4ad5-9392-c1419ea34075}
7909,OCCURS_IN_STAGE,1109,121,{triplet_source_id: a6059851-edb3-4191-bb5d-fa764fed0353}
7910,CAUSED_BY,1113,1109,{triplet_source_id: a6059851-edb3-4191-bb5d-fa764fed0353}
7911,OCCURS_IN_STAGE,1109,122,{triplet_source_id: f9a4a657-f450-491a-bf49-226a66575adb}
7912,OCCURS_IN_STAGE,1169,123,{triplet_source_id: b45179a9-ae31-4afd-a0b8-d0da8f3d7c70}
7913,OCCURS_IN_STAGE,124,1111,{triplet_source_id: 201ef1f5-0b91-4a87-bd42-cf9c8d9b8c64}
7914,OCCURS_IN_STAGE,1169,120,{triplet_source_id: f2f60ae0-d603-4a51-ba74-38d0f5b8080b}
7915,CAUSED_BY,125,1100,{triplet_source_id: f1af5f67-f12c-4be9-a395-78bdc4b7b289}
7916,CAUSED_BY,126,1130,{triplet_source_id: c2011a7b-6a83-4445-b563-aae4cd64c6c7}
7917,OCCURS_IN_STAGE,1130,127,{triplet_source_id: c62af996-14e9-4f6d-b9c8-d4df4771c453}
7918,ROOT_CAUSE_IS,128,1103,{triplet_source_id: 7c5ef030-edae-4de0-9d26-002a7143fc73}
7919,CAUSED_BY,1188,129,{triplet_source_id: 7c5ef030-edae-4de0-9d26-002a7143fc73}
7920,OCCURS_IN_STAGE,130,131,{triplet_source_id: f42271c5-2b7b-4594-91db-f36fa3e763c8}
7921,CAUSED_BY,130,132,{triplet_source_id: f42271c5-2b7b-4594-91db-f36fa3e763c8}
7922,CAUSED_BY,130,133,{triplet_source_id: f42271c5-2b7b-4594-91db-f36fa3e763c8}
7923,CAUSED_BY,134,1169,{triplet_source_id: 02fe3498-8a26-40e6-9412-c9275017637a}
7924,ROOT_CAUSE_IS,1103,135,{triplet_source_id: b2b4f6e7-fa9b-4c11-9b2f-806a1729ed35}
7925,OCCURS_IN_STAGE,1169,136,{triplet_source_id: b2b4f6e7-fa9b-4c11-9b2f-806a1729ed35}
7926,OCCURS_IN_STAGE,1169,137,{triplet_source_id: 27e13923-01da-40ad-a54b-4f9ca63c7bb6}
7927,OCCURS_IN_STAGE,1109,138,{triplet_source_id: 5fe8691d-8961-42f4-9575-1280fd428594}
7928,ROOT_CAUSE_IS,1103,1117,{triplet_source_id: 5fe8691d-8961-42f4-9575-1280fd428594}
7929,OCCURS_IN_STAGE,1111,139,{triplet_source_id: fb85570a-84a1-45cb-9e64-0e0fa820513f}
7930,OCCURS_IN_STAGE,1169,140,{triplet_source_id: 9778fed5-3bfc-4a42-a273-3d4c0b9a0a2b}
7931,ROOT_CAUSE_IS,141,1103,{triplet_source_id: da826091-0e7e-40f1-a242-4ca66d1728b9}
7932,CAUSED_BY,1109,142,{triplet_source_id: e7ba3645-c204-4bc4-9628-2181082fca0a}
7933,OCCURS_IN_STAGE,143,1111,{triplet_source_id: fbb3e5dd-f667-4bc0-8cc4-00000455f068}
7934,CAUSED_BY,1100,143,{triplet_source_id: fbb3e5dd-f667-4bc0-8cc4-00000455f068}
7935,CAUSED_BY,1099,144,{triplet_source_id: 6ccecbf5-0bc9-43cf-92b6-9d2253402536}
7936,CAUSED_BY,1109,145,{triplet_source_id: 5d09f7b2-238a-44b7-8ad1-b70a3fc1228f}
7937,CAUSED_BY,1109,146,{triplet_source_id: 5d09f7b2-238a-44b7-8ad1-b70a3fc1228f}
7938,CAUSED_BY,1109,147,{triplet_source_id: a19d57b2-7d47-47fe-b4cd-d09a9f65b3e9}
7939,CAUSED_BY,1109,1098,{triplet_source_id: a19d57b2-7d47-47fe-b4cd-d09a9f65b3e9}
7940,CAUSED_BY,1109,148,{triplet_source_id: 2d22d562-9bec-4693-996e-b5dd7c34bc47}
7941,CAUSED_BY,1109,149,{triplet_source_id: 0bbcd5b9-2244-4d23-96f5-f6fbdf528d26}
7942,ROOT_CAUSE_IS,1100,1102,{triplet_source_id: 99bac590-258c-4272-bec9-dc97d319eb00}
7943,CAUSED_BY,1109,150,{triplet_source_id: 17d67d7e-e7f5-4685-bbd0-e32d6afbe9f3}
7944,CAUSED_BY,1109,151,{triplet_source_id: 17d67d7e-e7f5-4685-bbd0-e32d6afbe9f3}
7945,OCCURS_IN_STAGE,1109,152,{triplet_source_id: 17d67d7e-e7f5-4685-bbd0-e32d6afbe9f3}
7946,ROOT_CAUSE_IS,150,153,{triplet_source_id: 17d67d7e-e7f5-4685-bbd0-e32d6afbe9f3}